actual_stars,predicted_stars,review_text,explanation,success,correct,raw_response
3,4,"I like to call this ""My Basha's"".    On the positive side, the selection of wine and beers is pretty extensive, the produce is fresh with quite a few organic choices.  The natural foods section has a ...","Multiple positive points, neutral language, and no strong complaints.",True,False,"{""predicted_stars"": 4, ""explanation"": ""Multiple positive points, neutral language, and no strong complaints.""}"
1,1,"This place was the worst place to EVER live! I lived here from Aug 2010 to may 2011, i was always in the office see when the grates would be fixed?? the office always gave me the run around very rude....","Extremely negative language, multiple complaints, explicit rejection, and use of superlatives to emphasize the reviewer's negative experience.",True,True,"{
  ""predicted_stars"": 1,
  ""explanation"": ""Extremely negative language, multiple complaints, explicit rejection, and use of superlatives to emphasize the reviewer's negative experience.""
}"
1,2,I dont understand how a second restaurant was opened on Tatum . My husband and gave these place too many chances and wach time the food was not impressive. The margaritas come from a stolen recipe fro...,"Multiple negative points, expression of disappointment and hope for improvement",True,False,"{""predicted_stars"": 2, ""explanation"": ""Multiple negative points, expression of disappointment and hope for improvement""}"
4,4,"Awesome Donuts! 

The only thing is, I was expecting the light fluffy glazed that Krispy Kreme has. This is not the same. HOWEVER these donuts are homemade delicious and why not support small business...","Multiple positive points, positive emotion, and intent to return, but with a slight reservation due to differing opinions within the group.",True,True,"{""predicted_stars"": 4, ""explanation"": ""Multiple positive points, positive emotion, and intent to return, but with a slight reservation due to differing opinions within the group.""}"
4,5,Our visit to Scottsdale brought us into Fountain Hills to look for a home. While we were there we decided to look at the beautiful fountain we heard so much about. That's when we happened upon this pl...,"Superlatives, extremely positive language, and multiple exclamations indicate a highly positive review.",True,False,"{""predicted_stars"": 5, ""explanation"": ""Superlatives, extremely positive language, and multiple exclamations indicate a highly positive review.""}"
3,3,"My niece want to go here for her birthday, on a Friday night.  The wait was about 30 min.  

The onion blossom was not as crispy as I remember but still pretty good. Its horseradish sauce was stronger...","Neutral language, multiple points of criticism, but also some positive comments and a generally positive service experience.",True,True,"{
  ""predicted_stars"": 3,
  ""explanation"": ""Neutral language, multiple points of criticism, but also some positive comments and a generally positive service experience.""
}"
2,1,"Possibly the creepiest convenience store I have ever been to.  I mean, it's sandwiched between a strip mall and a giant dirt lot....",Extremely negative language and a strong complaint about the store's atmosphere,True,False,"{""predicted_stars"": 1, ""explanation"": ""Extremely negative language and a strong complaint about the store's atmosphere""}"
5,1,Tried going there for my 1st visit and they were closed during hours they were supposed to be open.  Have tried calling them a few times during normal business hours and did not get anyone to pickup. ...,Explicit rejection and negative experience due to unavailability and poor communication,True,False,"{""predicted_stars"": 1, ""explanation"": ""Explicit rejection and negative experience due to unavailability and poor communication""}"
5,5,"I just stopped at Biagio nail place today and got my mani and pedi done, it was fabulous. Tiffany gave me great feet and my neck massage. She does really job. The shellac manicure was really nice she ...","Superlatives, extremely positive language, multiple positive points, and intent to return",True,True,"{
  ""predicted_stars"": 5,
  ""explanation"": ""Superlatives, extremely positive language, multiple positive points, and intent to return""
}"
2,2,Love the coffee not thrilled about my service. Of the 4-3 times I have been in the barista has never been behind the counter ready to serve me.  Every time that I have walked in they follow me off the...,"Multiple negative points, expression of disappointment and frustration with service",True,True,"{""predicted_stars"": 2, ""explanation"": ""Multiple negative points, expression of disappointment and frustration with service""}"
2,1,burgers were terribly unoriginal.  french fries came strait out of the safeway freezer section.  the guy working was so hungover it was kind of sad to watch....,"Extremely negative language, multiple complaints, explicit rejection",True,False,"{""predicted_stars"": 1, ""explanation"": ""Extremely negative language, multiple complaints, explicit rejection""}"
5,5,"Beautiful restaurant! Terrrific service! 

Wonderful, fresh and authentic cuisine - what more can I say but don't miss the Carpaccio!...","Superlatives, extremely positive language, and multiple positive points.",True,True,"{""predicted_stars"": 5, ""explanation"": ""Superlatives, extremely positive language, and multiple positive points.""}"
5,5,"Great views, great food, great service and great atmosphere!  We thoroughly enjoyed our dinner here and couldn't believe the neighborhood special - 3 courses for $35!

The split pea soup was amazing a...","Superlatives, extremely positive language, multiple positive points and exclamations.",True,True,"{""predicted_stars"": 5, ""explanation"": ""Superlatives, extremely positive language, multiple positive points and exclamations.""}"
2,2,"Successfully blending the idea of bar food and airline food into one very disappointing meal. A poor choice for breakfast due to mealy/watery eggs, cold potatoes and bland salsa. Even the grapefruit j...","Multiple negative points, expression of disappointment",True,True,"{""predicted_stars"": 2, ""explanation"": ""Multiple negative points, expression of disappointment""}"
5,4,Delish & authentic! The serving was generous (meat combo fed 2). The injera was good (not too thick/doughy). Spicy and yummy. I would like to return and experience their coffee ceremony....,"Multiple positive points, positive emotion, intent to return",True,False,"{""predicted_stars"": 4, ""explanation"": ""Multiple positive points, positive emotion, intent to return""}"
5,4,There is something for everyone on the menu. It's more than pizza. The service is great. Get a table on the terrace and you get the view of the park and fountain. I will keep going back....,"Multiple positive points, positive emotion, intent to return",True,False,"{""predicted_stars"": 4, ""explanation"": ""Multiple positive points, positive emotion, intent to return""}"
2,2,"Not good.
Very bland Thai food, ugh, the two words do not belong together, bland and Thai!
The Peanut sauce was the worst ever.
The Pad Thai and Tom Ka Gai soup were blech.
Fresh rolls large but no fl...","Multiple negative points, expression of disappointment",True,True,"{""predicted_stars"": 2, ""explanation"": ""Multiple negative points, expression of disappointment""}"
4,4,"There have to be some considerations made when attending Frank and Lupe's: First off, you have to understand that it's not GREAT Mexican food. That is to say, it's not real high quality, but more of w...","Multiple positive points, positive emotion, and intent to return, despite mentioning some shortcomings.",True,True,"{""predicted_stars"": 4, ""explanation"": ""Multiple positive points, positive emotion, and intent to return, despite mentioning some shortcomings.""}"
3,3,"The people who are either stocking the shelves, cleaning the floors, or behind the counter have all been polite so far. I have nothing really bad to say, but nothing really great either. Keep perserve...","Neutral language, no strong emotions, 'okay' and 'nothing really great'",True,True,"{""predicted_stars"": 3, ""explanation"": ""Neutral language, no strong emotions, 'okay' and 'nothing really great'""}"
2,3,"Two stars for bad service and, damn, I have to the tell the truth, a lousy appetizer.  Had the braised leeks to start, which appeared to have been made less of leeks and more of a white cheese that I ...","Neutral language, multiple complaints, but also some positive points and a willingness to give the restaurant another chance.",True,False,"{
  ""predicted_stars"": 3,
  ""explanation"": ""Neutral language, multiple complaints, but also some positive points and a willingness to give the restaurant another chance.""
}"
4,3,"Want a unique date night?  Craving for something to do on your own?  Want to have an avenue to express your inner artistic abilities?  OK, here you go!

Very interesting concept: Pick a piece of potte...","Neutral language, with both positive and negative points, but no strong emotions or extreme language.",True,False,"{
  ""predicted_stars"": 3,
  ""explanation"": ""Neutral language, with both positive and negative points, but no strong emotions or extreme language.""
}"
1,1,One stop has one goal and that is to get the $80. diagnosis fee and split.  Francisco told me i needed to spend over $1300. for parts the manufacturer only charges $316 for. Stay away! I intend to fil...,"Extremely negative language, multiple complaints, explicit rejection and intent to take action against the business",True,True,"{""predicted_stars"": 1, ""explanation"": ""Extremely negative language, multiple complaints, explicit rejection and intent to take action against the business""}"
4,5,"This place is GREAT! I must have passed it a million times without knowing that it was tucked away in the complex. The sushi was awesome, the drinks were very reasonabally priced, we loved the decor a...","Superlatives, extremely positive language, multiple positive points, and intent to return.",True,False,"{""predicted_stars"": 5, ""explanation"": ""Superlatives, extremely positive language, multiple positive points, and intent to return.""}"
3,2,"Great food, bad service. Does anyone speak english in here?...","Multiple negative points, expression of disappointment",True,False,"{""predicted_stars"": 2, ""explanation"": ""Multiple negative points, expression of disappointment""}"
2,2,"So the place has Christmas lights, and a fair amount of ambiance, and supposedly there's a shirtless shot at 1:00 - which might make going back worth it.  Other than that, the service was less than la...","Multiple negative points, expression of disappointment",True,True,"{""predicted_stars"": 2, ""explanation"": ""Multiple negative points, expression of disappointment""}"
2,2,i think reviews for this place are based on happy hour experiences. the food was SHOCKINGLY hot and fast out the kitchen. methinks there's some heavy microwave usage going on. the interior of the rest...,"Multiple negative points, expression of disappointment, and a suggestion to try a different place",True,True,"{
  ""predicted_stars"": 2,
  ""explanation"": ""Multiple negative points, expression of disappointment, and a suggestion to try a different place""
}"
3,4,"Ok, they should be happy that I am understanding of the flying bug that landed in my dessert and died before it was served.  Yes, I found it as I was eating the dessert, grossed me out, but not necess...","Multiple positive points, positive emotion, and a general appreciation for the restaurant despite a minor issue.",True,False,"{
  ""predicted_stars"": 4,
  ""explanation"": ""Multiple positive points, positive emotion, and a general appreciation for the restaurant despite a minor issue.""
}"
2,3,"Had a fun UYE get-together with Brian S. & Norm R. today to give this little Venezuelan cafe a try.  I had a Carne Esmechada Patacon, which is a sandwich with slices of plantain for the top & bottom, ...","Neutral language, no strong emotions, and a balanced comparison of price and quality.",True,False,"{""predicted_stars"": 3, ""explanation"": ""Neutral language, no strong emotions, and a balanced comparison of price and quality.""}"
4,4,Good food and freindly staff. They have a nice selection on the menu. After seeing the table next to me I wish I'd of had the house specialty....blueberry pancakes. Next time...........,"Multiple positive points, positive emotion, intent to return",True,True,"{""predicted_stars"": 4, ""explanation"": ""Multiple positive points, positive emotion, intent to return""}"
4,4,"I love this outdoor mall.  It's clean, it's open and has a wonderful restaurant selection.  It doesn't have a huge amount of stores but the stores it does have fits the bill. Now that it has J Crew li...","Multiple positive points, positive emotion, and neutral criticism, indicating a generally positive review.",True,True,"{
  ""predicted_stars"": 4,
  ""explanation"": ""Multiple positive points, positive emotion, and neutral criticism, indicating a generally positive review.""
}"
1,1,"10:30pm on a Saturday night.  My friend and I try our second attempt at sushi for the night (see my review of Pearl for the first).  Place is hopping.  We take a seat at the sushi bar.

The Waitress: ...","Extremely negative language, multiple complaints, explicit rejection, and use of profanity.",True,True,"{""predicted_stars"": 1, ""explanation"": ""Extremely negative language, multiple complaints, explicit rejection, and use of profanity.""}"
1,1,"What ever you do don't waste your money here.  I am not the person who likes to send food back, in fact I hate to do it.  I had no choice here, this was by far the worst mexican food I have eaten.  Th...","Extremely negative language, multiple complaints, explicit rejection",True,True,"{""predicted_stars"": 1, ""explanation"": ""Extremely negative language, multiple complaints, explicit rejection""}"
2,2,Last summer when I was in AZ I ate here a few times and it was always great!  I love the pulled pork sandwich.  I ate here while I had family in town a few weeks ago and it was nothing like it used to...,"Multiple negative points, expression of disappointment and decline in quality",True,True,"{""predicted_stars"": 2, ""explanation"": ""Multiple negative points, expression of disappointment and decline in quality""}"
2,3,"Personally, I used to come here a lot more often than I do.  I've noticed, what I feel to be, a rather slide in the quality in the food.  The carne asada burrito I recently got tasted okay, but the me...","Neutral language, expressing disappointment but still giving the benefit of the doubt and hoping for improvement.",True,False,"{""predicted_stars"": 3, ""explanation"": ""Neutral language, expressing disappointment but still giving the benefit of the doubt and hoping for improvement.""}"
4,5,"Lame joke alert :
Okay, I think I have switched over to Switch , I am finally making a switch to Switch  whew almost over , after you try Switch you'll never switch.  And done.

Thanks for letting me ...","Multiple positive points, positive emotion, and intent to return, with superlatives implied by 'delightful' and 'great size'",True,False,"{
  ""predicted_stars"": 5,
  ""explanation"": ""Multiple positive points, positive emotion, and intent to return, with superlatives implied by 'delightful' and 'great size'""
}"
3,3,"I'm always on the lookout for a morning coffee place  and decided to stop at the Coffee Bean. Since I am always interested in trying new places, it looked inviting and clean, and was close to where I ...","Neutral language, no strong emotions, 'okay' and 'good option'",True,True,"{
  ""predicted_stars"": 3,
  ""explanation"": ""Neutral language, no strong emotions, 'okay' and 'good option'""
}"
4,4,"I went to Khai Hoan yesterday and ordered the rare beef pho.  Now, this is the first time I have had pho before and I would say it is much like a glorified bowl of Ramen Noodles.  That said, it was go...","Multiple positive points, neutral language towards the main dish, and intent to return",True,True,"{
  ""predicted_stars"": 4,
  ""explanation"": ""Multiple positive points, neutral language towards the main dish, and intent to return""
}"
4,3,"I have not liked one bar at all in Scottsdale, AZ. This was the first one! A semblance of a normal crowd. We ended up talking with some weirdo local chick, thought they were trying to do some kind of ...","Neutral language, mixed emotions, and multiple positive points, but also some negative experiences and unclear references.",True,False,"{""predicted_stars"": 3, ""explanation"": ""Neutral language, mixed emotions, and multiple positive points, but also some negative experiences and unclear references.""}"
5,5,"This place has amazing frozen yogurt! I had the strawberry with small pieces of fresh strawberries! It was a wonderful treat in this heat, since it's yogurt and not ice cream, it's a little bit health...","Superlatives ('amazing'), extremely positive language, and a comparison to a healthier option ('a little bit healthier') indicate a very positive review.",True,True,"{""predicted_stars"": 5, ""explanation"": ""Superlatives ('amazing'), extremely positive language, and a comparison to a healthier option ('a little bit healthier') indicate a very positive review.""}"
2,1,"i'd rather go to amado's!

the only thing that's good here is the bean dip, and i'm only saying that so that i have something nice to say....","Explicit rejection and extremely negative language, with the only positive comment being sarcastic.",True,False,"{""predicted_stars"": 1, ""explanation"": ""Explicit rejection and extremely negative language, with the only positive comment being sarcastic.""}"
2,1,"I've been to three Pizza Picazzo locations, and this one absolutely blew,. The reason? Service with a capital S. I invited a very large group out to lunch (made reservations the day before).  The wait...","Extremely negative language, multiple complaints, explicit rejection of the service",True,False,"{""predicted_stars"": 1, ""explanation"": ""Extremely negative language, multiple complaints, explicit rejection of the service""}"
5,4,"Their frozen drinks carried me through last summer. They have free air (for your tires) and water (for the radiator) at every location I've ever been to. Their hot sandwiches, though greasy, aren't TO...","Multiple positive points, positive emotion, and comparison to a well-known brand (Starbucks) to emphasize the reviewer's satisfaction.",True,False,"{""predicted_stars"": 4, ""explanation"": ""Multiple positive points, positive emotion, and comparison to a well-known brand (Starbucks) to emphasize the reviewer's satisfaction.""}"
1,1,I can overcome the hipster sneer and accept that I am an uncool blemish in a world full of cut-off corduroys and patterned leggings. What I cannot and will not get over is an unapologetic staff whose ...,"Extremely negative language, multiple complaints, explicit rejection, and lack of apology or recompense from the staff.",True,True,"{
  ""predicted_stars"": 1,
  ""explanation"": ""Extremely negative language, multiple complaints, explicit rejection, and lack of apology or recompense from the staff.""
}"
1,2,"I went today to meet my daughter for lunch.  We are both big sushi enthusiasts.  The interior and atmosphere was beautiful.  Well appointed.
The service was excellent.  We ordered edamame, was good......","Multiple negative points, expression of disappointment, and explicit rejection, but with a neutral tone and some positive comments from the daughter.",True,False,"{""predicted_stars"": 2, ""explanation"": ""Multiple negative points, expression of disappointment, and explicit rejection, but with a neutral tone and some positive comments from the daughter.""}"
4,4,"Not much to write here. I always park on the Sears (upper level) side when I visit Chandler mall. My last visit to the mall, I ended up buying a luggage set on sale at Sears. The cashier was helpful a...","Neutral language, no strong complaints, positive interaction with cashier",True,True,"{""predicted_stars"": 4, ""explanation"": ""Neutral language, no strong complaints, positive interaction with cashier""}"
5,5,"The best fish tacos, period!  And I hate chain restaurants!...","Superlatives and extremely positive language, with a strong endorsement of the restaurant's quality.",True,True,"{""predicted_stars"": 5, ""explanation"": ""Superlatives and extremely positive language, with a strong endorsement of the restaurant's quality.""}"
1,1,"Love the idea - vegan Mexican. Have tried to eat there twice. Both times checked their FB page for hours, both times they were closed. Called their phone number, no one answered. No sign, no explanati...","Extremely negative language, multiple complaints, explicit rejection",True,True,"{""predicted_stars"": 1, ""explanation"": ""Extremely negative language, multiple complaints, explicit rejection""}"
1,1,"And then it all changed...

I think this is my very first review that has been demoted to 1 star after being on the coveted 5 star for a long time. 

So, where do I start. After feeling dog sick for a...","Extremely negative language, multiple complaints, explicit rejection, and strong expression of disappointment and frustration with the service and medical care received.",True,True,"{""predicted_stars"": 1, ""explanation"": ""Extremely negative language, multiple complaints, explicit rejection, and strong expression of disappointment and frustration with the service and medical care received.""}"
4,5,"i love this place and their food!
what i mainly love is that their prices are extremely reasonable now so i can go more often.
their steaks are very good as are their ribs and chicken
as for appetizer...","Multiple positive points, positive emotion, and no negative comments.",True,False,"{""predicted_stars"": 5, ""explanation"": ""Multiple positive points, positive emotion, and no negative comments.""}"
3,2,"I am not happy with Sprinkles, but I can't really subtract stars because I make better cupcakes than they do.  Let me first start with the location.  It's very stupid.  Very easy to miss and it blends...","Multiple negative points, expression of disappointment, and explicit rejection, but with a somewhat neutral tone and no extreme language.",True,False,"{""predicted_stars"": 2, ""explanation"": ""Multiple negative points, expression of disappointment, and explicit rejection, but with a somewhat neutral tone and no extreme language.""}"
3,3,"I have never been into soul food per se, but my husband woke up craving some chicken and waffles, and well, you can guess where we ended up. We were so pumped that there was Kool Aid on the menu, so w...","Neutral language, no strong emotions, 'decent' and 'delish' with some minor complaints",True,True,"{""predicted_stars"": 3, ""explanation"": ""Neutral language, no strong emotions, 'decent' and 'delish' with some minor complaints""}"
5,4,"I violated my rule of avoiding grocery shopping while hungry and decided to venture over to Whole Foods.  Whole Foods tends to be the indecisive individual's nightmare (that would be me).  Yet, this s...","Multiple positive points, positive emotion, and a recommendation to others with a caveat.",True,False,"{""predicted_stars"": 4, ""explanation"": ""Multiple positive points, positive emotion, and a recommendation to others with a caveat.""}"
1,2,"Had some time to kill before the Ultimate pleY Date Yelp event, and I'd wanted to share my love of Nobuo's Dark chocolate mousse with green tea ice cream and sugared orange peels with my happy-go-luck...","Multiple negative points, including poor service, sub-par dessert, and a condescending attitude from the server, but no extreme language or explicit rejection.",True,False,"{""predicted_stars"": 2, ""explanation"": ""Multiple negative points, including poor service, sub-par dessert, and a condescending attitude from the server, but no extreme language or explicit rejection.""}"
4,4,"Food is great, but they use to let you get the happy hour specials for take out, but not anymore. I love their prime rib burger, if you have a few extra bucks to spend on the best burger in the world ...","Multiple positive points, positive emotion, and a recommendation to visit the restaurant.",True,True,"{""predicted_stars"": 4, ""explanation"": ""Multiple positive points, positive emotion, and a recommendation to visit the restaurant.""}"
3,3,"Went here on Wednesday to take advantage of the $30 certificate. It was quite busy, which probably shouldn't of been a shock, location and all, so had to wait awhile but that is the risk of not gettin...","Neutral language, mixed opinions on food and service, but overall decent experience",True,True,"{""predicted_stars"": 3, ""explanation"": ""Neutral language, mixed opinions on food and service, but overall decent experience""}"
2,1,"I've been back a few times since the last review but the most notable was to see DJ Z-Trip. He was awesome, no complaints there.

Bar Smith though? They failed on so many levels. 

I got there sometim...","Extremely negative language, multiple complaints, explicit rejection, and use of superlatives like 'FAIL FAIL FAIL' and 'clusterfuck' to emphasize the reviewer's disappointment.",True,False,"{""predicted_stars"": 1, ""explanation"": ""Extremely negative language, multiple complaints, explicit rejection, and use of superlatives like 'FAIL FAIL FAIL' and 'clusterfuck' to emphasize the reviewer's disappointment.""}"
4,4,"Good food, decent price and a southwestern atmosphere. 

The food is decidedly better than the decor, but then again I've never been big on the southwestern look. Something about Antlers above my head...","Multiple positive points, neutral tone, and recommendation of specific dishes.",True,True,"{""predicted_stars"": 4, ""explanation"": ""Multiple positive points, neutral tone, and recommendation of specific dishes.""}"
3,3,"clean store, good parking - decent prices too with the gas points savings is a nice bonus....","Neutral language, no strong emotions, 'decent' and positive but mild tone",True,True,"{""predicted_stars"": 3, ""explanation"": ""Neutral language, no strong emotions, 'decent' and positive but mild tone""}"
5,4,"Love their pizza!!!
Very fresh. Their cannoli was really good too.
They seem to have great selection of wines....","Multiple positive points, positive emotion, and no significant complaints.",True,False,"{""predicted_stars"": 4, ""explanation"": ""Multiple positive points, positive emotion, and no significant complaints.""}"
3,4,"Excellent food, top-notch service, exorbitantly priced.  Not for budget minded diners......","Multiple positive points, but a negative comment about price, indicating a balanced review",True,False,"{""predicted_stars"": 4, ""explanation"": ""Multiple positive points, but a negative comment about price, indicating a balanced review""}"
5,5,"20% off with a Yelp check in? SCORE! 

They have very unique, colorful and patterned vintage clothing for sale. But what I liked most about this store is their vintage jewelry! There's a local jeweler...","Superlatives and extremely positive language, indicating a high level of satisfaction and enthusiasm.",True,True,"{""predicted_stars"": 5, ""explanation"": ""Superlatives and extremely positive language, indicating a high level of satisfaction and enthusiasm.""}"
3,3,"You know when you make a copy of the original and its not quite the same? Juts a little fuzzy around the edges, not as sharp but usable? That is how I felt at the new location of Market Bistro. Simila...","Neutral language, mixed feelings about the experience, and suggestions for improvement.",True,True,"{""predicted_stars"": 3, ""explanation"": ""Neutral language, mixed feelings about the experience, and suggestions for improvement.""}"
1,1,"Don't bother with this place.  I had never been here, my husband and I decided to pick up some food to take home.  We ordered a shrimp tempura appetizer, an assorted tempura appetizer, a lobster appet...","Extremely negative language, multiple complaints, explicit rejection",True,True,"{""predicted_stars"": 1, ""explanation"": ""Extremely negative language, multiple complaints, explicit rejection""}"
1,1,"I play squash racquet's, a sport favored by the east coast ""elites"" from them Ivy League schools, those snooty Britishers and the Pakistani leisure class:) 

Why they let me play, I'll never know:)

L...","Extremely negative language, multiple complaints, explicit rejection, and use of superlatives to emphasize the reviewer's disgust with the restaurant's food, atmosphere, and overall experience.",True,True,"{""predicted_stars"": 1, ""explanation"": ""Extremely negative language, multiple complaints, explicit rejection, and use of superlatives to emphasize the reviewer's disgust with the restaurant's food, atmosphere, and overall experience.""}"
1,1,I got my nails done there last Thursday for the first and last time. I would never ever go back there. The man who did my nails burnt two of my fingers really bad. The place was dirty and messy and ta...,"Extremely negative language, multiple complaints, explicit rejection",True,True,"{""predicted_stars"": 1, ""explanation"": ""Extremely negative language, multiple complaints, explicit rejection""}"
3,3,Well....it is what you can expect from airport food.  Not that great but not terrible.  All I wanted was a simple sandwhich to take on the plane with me.  This airport does not have the best in choice...,"Neutral language, no strong emotions, 'not that great but not terrible'",True,True,"{
  ""predicted_stars"": 3,
  ""explanation"": ""Neutral language, no strong emotions, 'not that great but not terrible'""
}"
2,2,"I've always said if the guacamole, chips and salsa aren't good, the food is not likely to be good either.  I was right, Guacamole was not very good at all, same with the salsa.  Rest of the food was j...","Multiple negative points, expression of disappointment, and a neutral tone regarding the rest of the food.",True,True,"{""predicted_stars"": 2, ""explanation"": ""Multiple negative points, expression of disappointment, and a neutral tone regarding the rest of the food.""}"
5,4,I live no where near this place & have gone out of my way to eat there MANY times! I haven't been since it moved (bc I had no idea where they went) but it looks like it's bigger so that's great. I eve...,"Multiple positive points, positive emotion, and a willingness to return, despite some minor complaints about the location and lunchtime experience.",True,False,"{""predicted_stars"": 4, ""explanation"": ""Multiple positive points, positive emotion, and a willingness to return, despite some minor complaints about the location and lunchtime experience.""}"
3,3,"Buffet is great, Good Selection of food even for me the picky Vegetarian. Naan tastes great, choice of plain or Garlic Naan. Food generally tastes good. Rating on Buffet alone, I would have given 4 st...","Neutral language, multiple positive and negative points, but overall leaning towards a mediocre experience",True,True,"{""predicted_stars"": 3, ""explanation"": ""Neutral language, multiple positive and negative points, but overall leaning towards a mediocre experience""}"
4,3,"The Paseo Trail travels through Chandler along the Consolidated Canal.  It runs mostly N-S, connecting to other trails along the canal in Mesa and Gilbert, totaling around 18 miles.

The trail is most...","Neutral language, no strong emotions, and a balanced discussion of the trail's features and drawbacks.",True,False,"{""predicted_stars"": 3, ""explanation"": ""Neutral language, no strong emotions, and a balanced discussion of the trail's features and drawbacks.""}"
2,2,"I happened on this place because it was next to EL Brava, a Mexican place recommended by the USAirways in flight magazine as a place to try in an airport. Getting to ElBrava we found it was a fast foo...","Multiple negative points, expression of disappointment",True,True,"{""predicted_stars"": 2, ""explanation"": ""Multiple negative points, expression of disappointment""}"
4,4,"Eh?  How have I not written a review for Matt's?  I went there a while back, but thankfully it won't be hard for me to recall the experience!

Place - Small.
Food - Fantastic.
Wait - Usually.
Bathroom...","Multiple positive points, positive emotion, and a mention of the restaurant's unique features, despite some minor complaints.",True,True,"{""predicted_stars"": 4, ""explanation"": ""Multiple positive points, positive emotion, and a mention of the restaurant's unique features, despite some minor complaints.""}"
5,5,I love to come here from time to time when I'm in the area and I am always highly satisfied with the food and service. The menu is great and there's a variety of dishes for every taste. The service is...,"Multiple positive points, positive emotion, and a strong endorsement of the restaurant.",True,True,"{""predicted_stars"": 5, ""explanation"": ""Multiple positive points, positive emotion, and a strong endorsement of the restaurant.""}"
2,2,"After hearing a lot about all of the MBFGR's that are around the valley, I finally got a chance to go recently as part of a family gathering (which was a planning fiasco and logistical nightmare, but ...","Multiple negative points, including poor food quality and awkward table arrangement, with some positive comments on service.",True,True,"{""predicted_stars"": 2, ""explanation"": ""Multiple negative points, including poor food quality and awkward table arrangement, with some positive comments on service.""}"
3,4,Went here for lunch on a weekday and thought it'd be busier. The slower setting allowed for more personal attention though. The chef even came out to talk to us and gave us free samples of some of the...,"Multiple positive points, neutral language, and a positive overall tone, but no superlatives or extremely positive language.",True,False,"{""predicted_stars"": 4, ""explanation"": ""Multiple positive points, neutral language, and a positive overall tone, but no superlatives or extremely positive language.""}"
3,3,"Not the newest or the nicest but, everything you need and usually no wait for machines. The staff is super nice and there are magazines to read while your there. If they could just turn up the AC a li...","Neutral language, no strong emotions, and a mix of positive and minor negative points.",True,True,"{""predicted_stars"": 3, ""explanation"": ""Neutral language, no strong emotions, and a mix of positive and minor negative points.""}"
1,1,i called them and they wanted to charge $30 for fingerprints!!!!!  What a joke.  I found a place on the other side of the air park who did it for $10.  Caveat Emptor!  If if could give them a zero rat...,"Extremely negative language, multiple complaints, explicit rejection and recommendation of a competitor.",True,True,"{""predicted_stars"": 1, ""explanation"": ""Extremely negative language, multiple complaints, explicit rejection and recommendation of a competitor.""}"
4,4,"I have visited Windsor twice now and I would describe it as fun, trendy, and a little hipster. The drinks are great, good combinations with fresh, unexpected ingredients. I love the 80's soundtrack, m...","Multiple positive points, positive emotion, and specific praise for food and atmosphere, with only a minor complaint about noise level.",True,True,"{""predicted_stars"": 4, ""explanation"": ""Multiple positive points, positive emotion, and specific praise for food and atmosphere, with only a minor complaint about noise level.""}"
3,3,"Average airport. 

I wish gate Marques listed which zone was boarding. There were three airplanes loading at the same time and it was near impossible to tell which gate was loading which zone. We just...","Neutral language, no strong emotions, and a matter-of-fact description of a minor inconvenience.",True,True,"{
  ""predicted_stars"": 3,
  ""explanation"": ""Neutral language, no strong emotions, and a matter-of-fact description of a minor inconvenience.""
}"
3,3,"Mixteca was OK. Kind of a cross between Baja Fresh and Robertos. The quesadilla was decent and the beef tacos were good also, just nothing spectacular. I would go up the street to ""Carumbas"" for somet...","Neutral language, no strong emotions, 'OK' and 'decent', but with a hint of disappointment and a preference for another restaurant",True,True,"{
  ""predicted_stars"": 3,
  ""explanation"": ""Neutral language, no strong emotions, 'OK' and 'decent', but with a hint of disappointment and a preference for another restaurant""
}"
1,1,"The only reason 1 star can be given is the flavor choices and taste.  The SMALLEST wings I have ever seen, they must be off of baby chicks.  I thought it was getting punked, actually LOL.  Never to be...","Extremely negative language, multiple complaints, explicit rejection",True,True,"{""predicted_stars"": 1, ""explanation"": ""Extremely negative language, multiple complaints, explicit rejection""}"
2,3,"I have driven past this place a million times and never stopped, so today I did.
I basically was in an overpriced Subaway called Port of subs. The sub was ok, nothing special. They do not have a good ...","Neutral language, no strong emotions, 'ok' and 'decent' description of the food and service",True,False,"{""predicted_stars"": 3, ""explanation"": ""Neutral language, no strong emotions, 'ok' and 'decent' description of the food and service""}"
2,2,"The queso is ridiculously good... seriously. And the homemade tortillas are also outstanding.

Aside from that, everything is average at best. As mentioned by others, this is Americanized Mexican cuis...","Multiple negative points, including underwhelming food, poor service, and a bug in the water, outweigh the positive comments about the queso and tortillas.",True,True,"{""predicted_stars"": 2, ""explanation"": ""Multiple negative points, including underwhelming food, poor service, and a bug in the water, outweigh the positive comments about the queso and tortillas.""}"
5,4,"i always forget about this place when we do a party. they carry costumes and party gear year round...even halloween stuff. 

stopped in today to look for a flintstones costume but they had no Fred's a...","Multiple positive points, neutral tone, and recommendation for the store's services.",True,False,"{""predicted_stars"": 4, ""explanation"": ""Multiple positive points, neutral tone, and recommendation for the store's services.""}"
5,5,Consistent is a great word to describe this place. The food is consistently great; the service is consistently great; the regulars are consistently there. (they're great too). It has a comfortable smo...,"Superlatives and extremely positive language used throughout the review, with multiple positive points and a sense of belonging.",True,True,"{""predicted_stars"": 5, ""explanation"": ""Superlatives and extremely positive language used throughout the review, with multiple positive points and a sense of belonging.""}"
3,3,"All I'm saying is they need to do a better job at hiring their staff. The girl that helped us out last time was on something pretty heavy. It was a school night, and we had just finished up dinner nex...","Neutral language, no strong emotions, and a mention of previous positive experience.",True,True,"{""predicted_stars"": 3, ""explanation"": ""Neutral language, no strong emotions, and a mention of previous positive experience.""}"
5,5,"I will continue to give this place five stars for so many reasons.  First, the menu is very creative, and offers a great variety of healthy food, with an Asian twist.  This time I had the shrimp curry...","Superlatives, extremely positive language, multiple positive points, and a celebrity endorsement.",True,True,"{""predicted_stars"": 5, ""explanation"": ""Superlatives, extremely positive language, multiple positive points, and a celebrity endorsement.""}"
1,1,"I'm sorry to be what seems to be the lone one star review.  Either I got there on the worst day in their history, or everyone drank the Koolaid, or I just have different expectations and taste buds.
I...","Extremely negative language, multiple complaints, explicit rejection, and a severe health issue reported after eating at the restaurant.",True,True,"{
  ""predicted_stars"": 1,
  ""explanation"": ""Extremely negative language, multiple complaints, explicit rejection, and a severe health issue reported after eating at the restaurant.""
}"
5,5,"This place is awesome and it replaced Trader Joes as my new grocery store. The produce is plentiful and fresh, they have Boars Head at the deli, and they have organic options. The meat is way more rea...","Superlatives, extremely positive language, and multiple positive points.",True,True,"{""predicted_stars"": 5, ""explanation"": ""Superlatives, extremely positive language, and multiple positive points.""}"
2,2,My boyfriend and I were so excited to hear that there was a yogurt place going in. We were even more thrilled to hear that they stay open until 10 in the summer! We are definite night owls so we were ...,"Multiple negative points, expression of disappointment and frustration",True,True,"{""predicted_stars"": 2, ""explanation"": ""Multiple negative points, expression of disappointment and frustration""}"
1,1,"Totally excited to try this place out, my grandparents, my mom and I (4 of us) came here for some Korean food. It wasn't too busy; just pairs of people from nearby offices coming in and out. 

Unlike ...","Extremely negative language, multiple complaints, explicit rejection and comparison to a better restaurant.",True,True,"{""predicted_stars"": 1, ""explanation"": ""Extremely negative language, multiple complaints, explicit rejection and comparison to a better restaurant.""}"
4,5,"I tried El Pollo Supremo based on a recommendation from my professor. I always though he was a smart man, but after eating here I know it. 

For under $5 you get chicken  that is juicy and flavorful a...","Superlatives, extremely positive language, and multiple positive points about the food, service, and atmosphere.",True,False,"{""predicted_stars"": 5, ""explanation"": ""Superlatives, extremely positive language, and multiple positive points about the food, service, and atmosphere.""}"
3,3,"Good food, but very expensive for a simple breakfast joint ($8-10 for most breakfast items). Also, the menu has very few healthy options...which isn't a problem for me, but is for my wife!  How about ...","Neutral language, multiple points of criticism and suggestion, but no strong negative emotions or explicit rejection.",True,True,"{""predicted_stars"": 3, ""explanation"": ""Neutral language, multiple points of criticism and suggestion, but no strong negative emotions or explicit rejection.""}"
1,1,"I do not like this KFC ...or any really for that matter. Every time I have been here the place is filthy. I know they remolded the place and I have not been since then, so I am not sure if the conditi...","Extremely negative language, multiple complaints, and explicit rejection of the restaurant",True,True,"{""predicted_stars"": 1, ""explanation"": ""Extremely negative language, multiple complaints, and explicit rejection of the restaurant""}"
1,1,"It's a supermarket.  I just go in buy what I need and get out.  It's convenient that there's a wells fargo in there, but there's one across the street as well.  

To the negative experience.....
My si...","Extremely negative language, multiple complaints, and explicit rejection of the establishment's behavior, including accusations of racial profiling.",True,True,"{""predicted_stars"": 1, ""explanation"": ""Extremely negative language, multiple complaints, and explicit rejection of the establishment's behavior, including accusations of racial profiling.""}"
5,5,"Why did I wait so long to try this neighborhood hot spot!  Having a father who grew up on Los Olivos I remained a loyal customer, that is, until last evening's change in plans lured me to the colorful...","Extremely positive language, multiple superlatives, and a clear intent to return, indicating a high level of satisfaction with the dining experience.",True,True,"{""predicted_stars"": 5, ""explanation"": ""Extremely positive language, multiple superlatives, and a clear intent to return, indicating a high level of satisfaction with the dining experience.""}"
4,4,"Brackin's is my new favorite day drinking spot.  The bar itself is located perfectly within a tucked-away area in the Old Town Scottsdale mall area.  The atmosphere is very relaxed, and when the owner...","Multiple positive points, positive atmosphere, and relaxed prices, with a recommendation to visit, indicating a high level of satisfaction.",True,True,"{""predicted_stars"": 4, ""explanation"": ""Multiple positive points, positive atmosphere, and relaxed prices, with a recommendation to visit, indicating a high level of satisfaction.""}"
1,2,"I was really disappointed with my local Baja Fresh tonight.  The lobby, salsa bar and even drink station were very dirty and unkept.  To top that off my salad had old dark colored guacamole and limp l...","Multiple negative points, expression of disappointment",True,False,"{""predicted_stars"": 2, ""explanation"": ""Multiple negative points, expression of disappointment""}"
1,1,Went there first thing thing this morning. Ordered 2 simple sandwiches. Took over 35 minutes to make. 6 workers lounging around. Completely ignored. Totally disgusted with their service. Overpriced. F...,"Extremely negative language, multiple complaints, explicit rejection and disgust",True,True,"{""predicted_stars"": 1, ""explanation"": ""Extremely negative language, multiple complaints, explicit rejection and disgust""}"
4,4,"Loved the location at atmosphere of this place!  Had a very nice business dinner here last night.  We were able to sit outside thanks to the gorgeous weather, and I'd recommend this to anyone.  The ho...","Multiple positive points, positive emotion, and a recommendation, but with a minor complaint about service timing.",True,True,"{
  ""predicted_stars"": 4,
  ""explanation"": ""Multiple positive points, positive emotion, and a recommendation, but with a minor complaint about service timing.""
}"
1,1,"We came here for dinner for me and reverse happy hour for my wife, we ordered our appetizers and after finishing them and looking over the menu for a few minutes we were ready to jump into the overpri...","Extremely negative language, multiple complaints, explicit rejection, and a strong expression of intent not to return.",True,True,"{""predicted_stars"": 1, ""explanation"": ""Extremely negative language, multiple complaints, explicit rejection, and a strong expression of intent not to return.""}"
1,1,"I will never know what the food tastes like because they were so so rude, I will not go back.  We came in and were given a table, menus were practically thrown at us.  And then we waited, and waited a...","Extremely negative language, multiple complaints, explicit rejection",True,True,"{""predicted_stars"": 1, ""explanation"": ""Extremely negative language, multiple complaints, explicit rejection""}"
4,4,"In a sentence: Culinary Dropout is a foodie mecca with its plush and lux furnishings, amazing location in the heart of Scottsdale but away from the duche-ery of Old Town, on point entrees that range f...","Multiple positive points, positive emotion, and intent to return, but with some minor complaints and criticisms.",True,True,"{""predicted_stars"": 4, ""explanation"": ""Multiple positive points, positive emotion, and intent to return, but with some minor complaints and criticisms.""}"
4,5,"I have used The Parking Spot twice now, and am a registered card carrying member...lol. I have coworkers who use one of the other economy places across the street, but they don't get covered parking a...","Multiple positive points, positive tone, and emphasis on convenience and good service.",True,False,"{""predicted_stars"": 5, ""explanation"": ""Multiple positive points, positive tone, and emphasis on convenience and good service.""}"
3,3,"We stayed at the Pointe Hilton over the July 4th weekend are were very impressed with the amazing pool facilities and poolside food service.  However, I would send caution to anyone planning to stay a...","Neutral language, mixed positive and negative points, but overall tone is more cautionary than strongly negative",True,True,"{
  ""predicted_stars"": 3,
  ""explanation"": ""Neutral language, mixed positive and negative points, but overall tone is more cautionary than strongly negative""
}"
4,5,"Fun place to get masks for all my robberies.

I joke. but really you can get good masks at Easley's....","The review starts with a humorous and lighthearted tone, then clarifies the actual purpose of the place, which is to get good masks. The use of a joke and the positive spin on the place's offerings suggests a very positive sentiment.",True,False,"{""predicted_stars"": 5, ""explanation"": ""The review starts with a humorous and lighthearted tone, then clarifies the actual purpose of the place, which is to get good masks. The use of a joke and the positive spin on the place's offerings suggests a very positive sentiment.""}"
1,1,"There was hair in the food. Not just 1 but 2 in the same Bhel Puri dish.

The whole experience was pretty bad. There is no indication of how you order your food and when you finally figure it out the ...","Extremely negative language, multiple complaints, explicit rejection, and presence of hair in the food.",True,True,"{
  ""predicted_stars"": 1,
  ""explanation"": ""Extremely negative language, multiple complaints, explicit rejection, and presence of hair in the food.""
}"
2,2,"I'm going to break this down to explain my two stars. Here we go.

THE GOOD: 
* Great Sindhi biryani - the rice is flavorful, the chicken is tasty, all in all a great dish. 
* Chicken boti tikka (bone...","Multiple negative points, including a surly staff member, unpleasant dining atmosphere, and bizarre TV content, outweigh the positive comments about the food.",True,True,"{""predicted_stars"": 2, ""explanation"": ""Multiple negative points, including a surly staff member, unpleasant dining atmosphere, and bizarre TV content, outweigh the positive comments about the food.""}"
3,3,"Threw a friend's baby shower here and it went pretty smoothly. We made reservations well in advance, and it was a small party. I'm not a huge fan of their food but it's always busy so clearly other pe...","Neutral language, mixed opinions, and a balanced assessment of the service and food.",True,True,"{""predicted_stars"": 3, ""explanation"": ""Neutral language, mixed opinions, and a balanced assessment of the service and food.""}"
4,4,"I really like this place! Plenty of room, very organized. And is willing to help you out. Price is very acceptable @ $7.00 a day. They have ear plugs, targets and beverages to purchase at a reasonable...","Multiple positive points, positive emotion, and a willingness to return despite some personal struggles.",True,True,"{""predicted_stars"": 4, ""explanation"": ""Multiple positive points, positive emotion, and a willingness to return despite some personal struggles.""}"
5,5,Kick @$$ The Best of the bertos & they will make anything you want_!! Carne Asada with Sausage & Ham........Wow.....,"Superlatives, extremely positive language, multiple exclamations and use of 'Wow' indicate a very positive review.",True,True,"{""predicted_stars"": 5, ""explanation"": ""Superlatives, extremely positive language, multiple exclamations and use of 'Wow' indicate a very positive review.""}"
1,1,"An upscale mexican restaurant in the area seemed like the best thing to have happened to me. I planned my visit for a quieter evening, and reviewed the menu again and again. 

However, upon our arriva...","Extremely negative language, multiple complaints, and explicit rejection of the restaurant.",True,True,"{""predicted_stars"": 1, ""explanation"": ""Extremely negative language, multiple complaints, and explicit rejection of the restaurant.""}"
5,5,"This place makes me want to learn German every time i go.

I would get my Polka clothes out any day of the week.

Great food, great prices, great atmosphere.

The fall months are great to sit outside ...","Superlatives, extremely positive language, multiple exclamations, and explicit expression of love for the place.",True,True,"{""predicted_stars"": 5, ""explanation"": ""Superlatives, extremely positive language, multiple exclamations, and explicit expression of love for the place.""}"
4,4,"So much food to choose from on the menu! They have so many options (healthy eater,unhealthy eater,  vegetarian, breakfast, lunch, etc)  for every kind of diner. I tried an omlet with turkey and brie a...","Multiple positive points, positive emotion, and satisfaction with the experience.",True,True,"{""predicted_stars"": 4, ""explanation"": ""Multiple positive points, positive emotion, and satisfaction with the experience.""}"
2,1,"They get 2 stars, for the pickles. 

So I'm from Jersey and was very happy to see all the NYC/Jersey stuff in this place.  The walls were covered in things from my state so I figured they know a thing...","Extremely negative language, multiple complaints, explicit rejection, and strong use of profanity.",True,False,"{""predicted_stars"": 1, ""explanation"": ""Extremely negative language, multiple complaints, explicit rejection, and strong use of profanity.""}"
4,4,"There's not much more I can say about Rula that hasn't already been said. Except, I guess, I can tell you why I like this place. I like it for two glorious words: HAPPY + HOUR. 

Yes, those two words ...","Multiple positive points, positive emotion, and specific recommendations, but some criticisms and suggestions for improvement.",True,True,"{""predicted_stars"": 4, ""explanation"": ""Multiple positive points, positive emotion, and specific recommendations, but some criticisms and suggestions for improvement.""}"
2,3,"Went there for lunch.  Split a chopped salad and a deviled eggs.

Large portions.  Salad was a bit heavy on sauce, but I liked it.  Deviled eggs had some truffle oil which made them pretty good.  

Bu...","Neutral language, multiple points of criticism, but no extreme negativity or superlatives.",True,False,"{""predicted_stars"": 3, ""explanation"": ""Neutral language, multiple points of criticism, but no extreme negativity or superlatives.""}"
2,2,"Over the last 5 years or so, I've eaten lunch at Dilly's Deli a couple dozen times. The location is excellent, as it is near my office, and the interior décor is clean, modest, and charming. The music...","Multiple negative points, including issues with food preparation, service, and quality control, but no extremely negative language or explicit rejection.",True,True,"{""predicted_stars"": 2, ""explanation"": ""Multiple negative points, including issues with food preparation, service, and quality control, but no extremely negative language or explicit rejection.""}"
5,5,Love this place! I think this is probably the best Chinese buffet out here! They serve quality gourmet food. And they have a full bar too. Place is clean and service is great. Would go back anytime!...,"Superlatives, extremely positive language, multiple positive points, and intent to return.",True,True,"{""predicted_stars"": 5, ""explanation"": ""Superlatives, extremely positive language, multiple positive points, and intent to return.""}"
1,1,"Went last week, and ordered a dozen variety. I didn't care for any of them, very dry, the frosting wasn't very good,even my 9 yr old daughter spit her cupcake out!...","Extremely negative language, multiple complaints, and explicit rejection",True,True,"{""predicted_stars"": 1, ""explanation"": ""Extremely negative language, multiple complaints, and explicit rejection""}"
2,2,"I have lived here for about 5 months, the place is okay i guess, the ground are clean which I like, but the staff seems kinda disorganized.. they got our move in dates wrong which thank god I'm an ear...","Multiple negative points, expression of disappointment and frustration, but also acknowledges that there are worse options available.",True,True,"{""predicted_stars"": 2, ""explanation"": ""Multiple negative points, expression of disappointment and frustration, but also acknowledges that there are worse options available.""}"
3,3,"I created a monster when I brought my family to Chipotle for the first time many years ago. I am constantly taking one for ""the team"" when I am dragged here by my wife and one of my sons. 

I usually ...","Neutral language, no strong emotions, and a specific complaint about a menu option.",True,True,"{""predicted_stars"": 3, ""explanation"": ""Neutral language, no strong emotions, and a specific complaint about a menu option.""}"
4,4,Shame on me for not writing a review sooner.  Dined here with three other friends during our Spring Training trip at the end of March. We had to make reservations about 2 months prior as well.  We arr...,"Multiple positive points, positive emotion, intent to return, and neutral language.",True,True,"{""predicted_stars"": 4, ""explanation"": ""Multiple positive points, positive emotion, intent to return, and neutral language.""}"
4,4,Eorth a trip for pasta or their salads. Both are wonderful. And if you like garlic they know what you mean when you say xtra garlic. They actually give you extra. Yummm. Of course you will probably no...,"Multiple positive points, positive emotion, and specific praise for the restaurant's offerings and service.",True,True,"{""predicted_stars"": 4, ""explanation"": ""Multiple positive points, positive emotion, and specific praise for the restaurant's offerings and service.""}"
1,2,"Very loud, crowded and quite unpleasant. I felt very cramped and the environment was very uncomfortable....","Multiple negative points, expression of discomfort",True,False,"{""predicted_stars"": 2, ""explanation"": ""Multiple negative points, expression of discomfort""}"
1,2,"Donuts are really good, if they have any when you get there!!!  Went in on a Tuesday morning at 1030, and they only had a total of 10 donuts. Drove out of my way to go there and still ended up at Dunk...","Multiple negative points, expression of disappointment",True,False,"{""predicted_stars"": 2, ""explanation"": ""Multiple negative points, expression of disappointment""}"
5,4,"I've been meaning to try this place for months and I'm so glad that the temperature has finally dropped to less than 100 degrees so I could take advantage of the outdoor patio for lunch! 

The service...","Multiple positive points, positive emotion, and recommendation of the food.",True,False,"{""predicted_stars"": 4, ""explanation"": ""Multiple positive points, positive emotion, and recommendation of the food.""}"
4,4,"Fun Saturday night music venue with good food & beer for only a few $. The music is fun and tunes everyone knows. The 1$ carne asada tacos are straightforward; meat, cilantro, onion, grilled jalepeño ...","Multiple positive points, appreciation for venue rules, and intent to return.",True,True,"{""predicted_stars"": 4, ""explanation"": ""Multiple positive points, appreciation for venue rules, and intent to return.""}"
3,4,I really want to gives this Sprout's location 4 stars but over the past few months when I get a deli sandwich the bread has bean stale 1 out of 3 times I'm there so I can't do it. If this Sprout's can...,"Multiple positive points, neutral language, and a clear intent to return with a condition.",True,False,"{""predicted_stars"": 4, ""explanation"": ""Multiple positive points, neutral language, and a clear intent to return with a condition.""}"
1,1,"WOW!  I have never been to a place with service this horrible.  I may have caught them on a bad night, but I'm not giving them a second chance to find out!

I came in with a group of 4.  We stood up f...","Extremely negative language, multiple complaints, explicit rejection, and a strong expression of disappointment despite a positive response from the restaurant's management.",True,True,"{""predicted_stars"": 1, ""explanation"": ""Extremely negative language, multiple complaints, explicit rejection, and a strong expression of disappointment despite a positive response from the restaurant's management.""}"
5,5,"Awesome, awesome, awesome....everything was fantastic. The innovative drink menu, the pizza was out of this world and the bartender was very personable. A++ I would definitely recommend this place to ...","Superlatives, extremely positive language, multiple exclamations, and explicit intent to return.",True,True,"{""predicted_stars"": 5, ""explanation"": ""Superlatives, extremely positive language, multiple exclamations, and explicit intent to return.""}"
2,3,"Things I liked: The homemade chips (mmm), the red salsa, the tender chicken pieces in my enchiladas and the service.

Things that just didn't work for me- The green sauce was so blah I couldn't eat it...","Neutral language, multiple points of both praise and criticism, no strong emotions.",True,False,"{""predicted_stars"": 3, ""explanation"": ""Neutral language, multiple points of both praise and criticism, no strong emotions.""}"
3,3,"Finding this quaint location wasn't to hard... i like that there is a parking lot right north of the place... as well as street parking :) 

you walk in the place and wow... its a completely different...","Neutral language, mixed opinions on food and atmosphere, but overall positive tone and willingness to return",True,True,"{""predicted_stars"": 3, ""explanation"": ""Neutral language, mixed opinions on food and atmosphere, but overall positive tone and willingness to return""}"
4,5,"My new favorite Mexican place in Tempe. Love their tacos. Their menu only lists them individually, but feel free to mix and match. I usually go with one camarone and one pescado. The shrimp are small,...","Multiple positive points, enthusiastic tone, and recommendation as a favorite spot.",True,False,"{""predicted_stars"": 5, ""explanation"": ""Multiple positive points, enthusiastic tone, and recommendation as a favorite spot.""}"
2,1,"Bland and lackluster food that is not worth the price or the wait to get it.  We had lunch at Nourish a few months ago and while we weren't overly impressed, as they do serve healthy food that is in l...","Extremely negative language, multiple complaints, and explicit rejection of the restaurant.",True,False,"{""predicted_stars"": 1, ""explanation"": ""Extremely negative language, multiple complaints, and explicit rejection of the restaurant.""}"
4,4,"This place isn't the best looking, but it's pretty tasty! I find myself craving the strange mix of foods they serve here.
I order the Emerald chicken burrito and the Jerk Chicken quesadillas.
The best...","Multiple positive points, positive emotion, and intent to return, despite some minor criticisms.",True,True,"{""predicted_stars"": 4, ""explanation"": ""Multiple positive points, positive emotion, and intent to return, despite some minor criticisms.""}"
1,1,"I am leaving this store angry and can't resist writing a review! 

The staff is incredibly useless....if you can actually find someone to help you. The store is huge with very little signs to guide yo...","Extremely negative language, multiple complaints, explicit rejection, and comparison to other stores.",True,True,"{""predicted_stars"": 1, ""explanation"": ""Extremely negative language, multiple complaints, explicit rejection, and comparison to other stores.""}"
3,4,"After reading Lindsey's review, I had to think twice about my original review of this place. Yes, I had been back and gave it another shot.

Yes, perhaps, I was a bit douchy in my prior review. 

This...","The reviewer has given the restaurant a second chance, acknowledges their previous negative review might have been unfair, and provides specific positive points about the place, such as the spicy chicken bowl and its comfort.",True,False,"{""predicted_stars"": 4, ""explanation"": ""The reviewer has given the restaurant a second chance, acknowledges their previous negative review might have been unfair, and provides specific positive points about the place, such as the spicy chicken bowl and its comfort.""}"
2,1,"Are you serious? $4.50 for domestic beers during the usual ""happy hour"" time? That includes Old Style (we were there for the Cub game)!! At grocery stores you can get a 6-pack of Old Style for $4.50! ...","Extremely negative language, multiple complaints, explicit rejection",True,False,"{""predicted_stars"": 1, ""explanation"": ""Extremely negative language, multiple complaints, explicit rejection""}"
4,4,Nice bowling alley.  I liked it alot and the staff was very helpful when we could not figure stuff out!  The flatscreens with the score were nice and the animation of Pros were a nice upgrade. We came...,"Multiple positive points, positive emotion, and a sense of satisfaction with the experience.",True,True,"{""predicted_stars"": 4, ""explanation"": ""Multiple positive points, positive emotion, and a sense of satisfaction with the experience.""}"
5,4,"There are many places in the valley and its surrounding cities to eat Mexican food; however, there is one and only La Canasta.

In the last two years the boyfriend and I have eaten at this restaurant ...","Multiple positive points, neutral language, and recommendation to try specific dishes.",True,False,"{""predicted_stars"": 4, ""explanation"": ""Multiple positive points, neutral language, and recommendation to try specific dishes.""}"
5,5,"Still in love with this place and how much care they really have for all of their clients. 

I hit another, I want a piercing moods and swung in on a lunch break last week, determined to get this pier...","Superlatives, extremely positive language, and multiple expressions of admiration and satisfaction.",True,True,"{
  ""predicted_stars"": 5,
  ""explanation"": ""Superlatives, extremely positive language, and multiple expressions of admiration and satisfaction.""
}"
5,5,Wow! I was in town on a week long business trip and the one thing I look forward to most when I travel are the meals. Cafe Monarch was a highlight of my trip. As soon as I walked through the door I fe...,"Superlatives, extremely positive language, multiple positive points, and a highlight of the trip indicate a very high rating.",True,True,"{
  ""predicted_stars"": 5,
  ""explanation"": ""Superlatives, extremely positive language, multiple positive points, and a highlight of the trip indicate a very high rating.""
}"
2,2,"I went here a couple weeks ago and got the sesame chicken.  I was disappointed when I saw that it wasn't chunks of chicken, but a boneless piece of chicken that was breaded, fried, and then sliced int...","Multiple negative points, expression of disappointment",True,True,"{""predicted_stars"": 2, ""explanation"": ""Multiple negative points, expression of disappointment""}"
3,3,"Enjoyed dinner on the patio - I had the Pad Cha Seafood dish rated ""Thai hot"" - the so-called hottest dish on the menu.  The person I was with ordered the ginger fish - mediocre at best, although it l...","Neutral language, mixed opinions, and a willingness to give the restaurant another try indicate a mediocre experience.",True,True,"{""predicted_stars"": 3, ""explanation"": ""Neutral language, mixed opinions, and a willingness to give the restaurant another try indicate a mediocre experience.""}"
1,2,Poor service-small portions-pricey...,"Multiple negative points, expression of disappointment",True,False,"{""predicted_stars"": 2, ""explanation"": ""Multiple negative points, expression of disappointment""}"
1,2,I brought my sweet sister in law shopping at this Forever 21 location.  She had a bag full of goodies (several hundreds of dollars worth) from H&M.  She stopped at Forever 21 and  sat her bag on the g...,"Multiple negative points, expression of disappointment, and criticism of staff behavior",True,False,"{""predicted_stars"": 2, ""explanation"": ""Multiple negative points, expression of disappointment, and criticism of staff behavior""}"
3,3,"I reeeeaaalllyyyyy wish that I could give this a 4, but I can't do that in good conscience.  The food was great, but the service was downright abysmal.

In a fit of random adventurousness, I thought i...","Neutral language, mixed feelings about the experience, and a willingness to return but with a caveat about the service.",True,True,"{
  ""predicted_stars"": 3,
  ""explanation"": ""Neutral language, mixed feelings about the experience, and a willingness to return but with a caveat about the service.""
}"
3,3,"Service - 5 stars (which is so rare). Food 2.5 stars. 
My husband and I are a little picky when it comes to steaks (we eat Morton's and Mastro's) but we wanted to try a new steakplace while visiting P...","Neutral language, mixed opinions about the food, but positive comments about the service and atmosphere.",True,True,"{""predicted_stars"": 3, ""explanation"": ""Neutral language, mixed opinions about the food, but positive comments about the service and atmosphere.""}"
3,3,"I'm somewhere in between three and four stars. And, I know there are Yelp ""Talk"" events taking place right this very second as I sit to type my review, and it is for this reason I appreciate what anon...","Neutral language, no strong emotions, with both positive and negative points mentioned.",True,True,"{
  ""predicted_stars"": 3,
  ""explanation"": ""Neutral language, no strong emotions, with both positive and negative points mentioned.""
}"
5,3,Love chickafila :) they're pretty pricey for fast food though...,"Neutral language, no strong emotions, mention of a drawback (price) but overall positive sentiment",True,False,"{""predicted_stars"": 3, ""explanation"": ""Neutral language, no strong emotions, mention of a drawback (price) but overall positive sentiment""}"
5,5,"Taylor's has such a refreshing cafe menu. I've been for breakfast far more often than lunch. I hope to try dinner soon b/c I think they feature live jazz on Wednesday nights. 

I've never ever had a b...","Extremely positive language, multiple positive points, and no negative comments.",True,True,"{""predicted_stars"": 5, ""explanation"": ""Extremely positive language, multiple positive points, and no negative comments.""}"
3,2,I have been by this spot many times and I needed a place to eat lunch so I stopped in... I entered the restaurant and was seated right away. But then I sat there for a good 10 minutes and watched the ...,"Multiple negative points, expression of disappointment and intent to not return",True,False,"{""predicted_stars"": 2, ""explanation"": ""Multiple negative points, expression of disappointment and intent to not return""}"
1,2,"My part Jewish friend has been raving about this deli so come payday we went to check it out. Ive been in Phoenix a little over a month and have been getting sick from the food here...diarrhea lots, s...","Multiple negative points, including overpriced food, flavorless sandwich, and disappointment with the size of the sandwich, but also a positive comment about the fries.",True,False,"{
  ""predicted_stars"": 2,
  ""explanation"": ""Multiple negative points, including overpriced food, flavorless sandwich, and disappointment with the size of the sandwich, but also a positive comment about the fries.""
}"
1,2,"I love Saddle Ranch for its casual night time festivities (including watching people ride the mechanical bull hehehe), but I cannot ignore the fact that the food was disgusting!

When I think of my me...","Multiple negative points, expression of disappointment, but still willing to return for the atmosphere",True,False,"{""predicted_stars"": 2, ""explanation"": ""Multiple negative points, expression of disappointment, but still willing to return for the atmosphere""}"
2,3,"a little greasy for my skin but the presentation is organic and fun! 
glitter, rubber ducks, bath fizzies and tons of soap make for a great one stop shop when you're shopping for those girlfriends you...","Neutral language, no strong emotions, 'a little greasy' and 'not for me' indicate a neutral opinion",True,False,"{""predicted_stars"": 3, ""explanation"": ""Neutral language, no strong emotions, 'a little greasy' and 'not for me' indicate a neutral opinion""}"
5,4,"I found some great t-shirts for friends here, including one from a local PHX artist with a grinning skull.  

If you're a hipster or looking to buy gifts for one, then this is the place to go. 

Plus,...","Multiple positive points, positive tone, and recommendation for specific groups.",True,False,"{""predicted_stars"": 4, ""explanation"": ""Multiple positive points, positive tone, and recommendation for specific groups.""}"
4,5,Cevapi and Burek oh my!! Plus I got to hang with my fabulous friend Amra! Score! We wanted something extra good to eat after finishing our Mud Factor race on Saturday and lord knows I have been cravin...,"Superlatives, extremely positive language, multiple exclamations, and a strong intent to return.",True,False,"{""predicted_stars"": 5, ""explanation"": ""Superlatives, extremely positive language, multiple exclamations, and a strong intent to return.""}"
1,1,Do not go to this car wash. I dropped my kids off at choir and thought I'd run in for a quick car wash. Oh no! They locked my keys in the car. I couldn't get On-Star to unlock my Suburban because it w...,"Extremely negative language, multiple complaints, explicit rejection",True,True,"{""predicted_stars"": 1, ""explanation"": ""Extremely negative language, multiple complaints, explicit rejection""}"
2,3,This place is so so.  Ok food.  Ok atmosphere.  Just a decent restaurant in Buckeye....,"Neutral language, no strong emotions, 'ok' and 'decent'",True,False,"{""predicted_stars"": 3, ""explanation"": ""Neutral language, no strong emotions, 'ok' and 'decent'""}"
5,5,I love love Barrio Cafe. The food is amazing and it is very cute and artsy....,Superlatives ('amazing') and extremely positive language indicate a high rating.,True,True,"{
  ""predicted_stars"": 5,
  ""explanation"": ""Superlatives ('amazing') and extremely positive language indicate a high rating.""
}"
4,4,"The cookies and breakfast pastries are to die for.  Just for those two items they deserve four stars.  Everything else, however, is just OK.  The rest of their foods are good but not great.  If you've...","Multiple positive points, with a focus on specific items (cookies and pastries), and a neutral tone for the rest of the experience.",True,True,"{""predicted_stars"": 4, ""explanation"": ""Multiple positive points, with a focus on specific items (cookies and pastries), and a neutral tone for the rest of the experience.""}"
5,5,I have passed this place for 20 years and had always heard good things. Well one night when we were kidless we went. It was pricier that we thought but we forgot the price once the meals arrived. We w...,"Superlatives, extremely positive language, multiple positive points and intent to return",True,True,"{""predicted_stars"": 5, ""explanation"": ""Superlatives, extremely positive language, multiple positive points and intent to return""}"
5,4,awesome and delicious place! good for groups!...,"Multiple positive points, positive emotion, and a recommendation for groups.",True,False,"{""predicted_stars"": 4, ""explanation"": ""Multiple positive points, positive emotion, and a recommendation for groups.""}"
2,2,Food was pretty good but my biggest issue was with the service. We made a reservation and still had to wait an hour. Isn't the whole point of a reservation...so you don't have to wait an hour? One of ...,"Multiple negative points, expression of disappointment and explicit rejection",True,True,"{""predicted_stars"": 2, ""explanation"": ""Multiple negative points, expression of disappointment and explicit rejection""}"
2,2,"My friends and I got a 10-person karaoke room and ordered food while we sang. The room is SMALL --in other K places I've been to, that would have been a room for 5 people. With 10 people in there, we ...","Multiple negative points, including a small room, poor song choices, mediocre food, and issues with service, but no extremely negative language or explicit rejection.",True,True,"{""predicted_stars"": 2, ""explanation"": ""Multiple negative points, including a small room, poor song choices, mediocre food, and issues with service, but no extremely negative language or explicit rejection.""}"
3,4,"Food wise, this is my favorite Lenny's location. They make the perfect jalapeno cheese burger. The fries are really good too.

The location kind of sucks. Its  surrounded by a greyhound station, a liq...","Multiple positive points about the food, but a negative comment about the location's surroundings.",True,False,"{""predicted_stars"": 4, ""explanation"": ""Multiple positive points about the food, but a negative comment about the location's surroundings.""}"
2,2,I believe this place is over-hyped.  the menu is overpriced.  the portions are small.  the meat is low quality.  slow service.  sterile decor....,"Multiple negative points, expression of disappointment",True,True,"{""predicted_stars"": 2, ""explanation"": ""Multiple negative points, expression of disappointment""}"
5,4,"Tucked on the western edge of the Foothill Acres neighborhood in North Phoenix or what I would call ""The Slope"", Try Me Bicycle Shop has been in business for nearly 40 years and has been collecting th...","Neutral language, multiple positive points, and no strong negative complaints",True,False,"{
  ""predicted_stars"": 4,
  ""explanation"": ""Neutral language, multiple positive points, and no strong negative complaints""
}"
2,2,"Jewish girls in Chinese dresses serving Japanese food. If that isn't a recipe for confusion, I don't know what is.

Too bad, really. Because when they first opened up, they had a real Japanese chef wh...","Multiple negative points, expression of disappointment, and criticism of the restaurant's authenticity and food quality.",True,True,"{
  ""predicted_stars"": 2,
  ""explanation"": ""Multiple negative points, expression of disappointment, and criticism of the restaurant's authenticity and food quality.""
}"
2,2,"Beatiful setting and good service. However, that doesn't make up for the $14 burger which was average at best and all three of ours were over cooked....","Multiple negative points, expression of disappointment",True,True,"{""predicted_stars"": 2, ""explanation"": ""Multiple negative points, expression of disappointment""}"
3,2,"I can say that I used to love the place. Not so much any longer. 

Went over there this past Sunday at 7pm. Crowded, but still room to sit 6 of us. Here are a few simple notes to sum up the evening.

...","Multiple negative points, expression of disappointment, and a decline in quality, but no extreme language or explicit rejection.",True,False,"{
  ""predicted_stars"": 2,
  ""explanation"": ""Multiple negative points, expression of disappointment, and a decline in quality, but no extreme language or explicit rejection.""
}"
1,2,"As I promised myself, I'd go back again to try it again. Yyyeeaahhhh...sooooo....the food is still not good. I got the mongolian beef and it's like ""wha? really? is this IRL?"" 

I'm a chinese food kin...","Multiple negative points, expression of disappointment",True,False,"{""predicted_stars"": 2, ""explanation"": ""Multiple negative points, expression of disappointment""}"
2,1,"The ""chicken burger"" with jerk sauce was gross. It was dried out with terrible flavor. The only saving grace was that it was small, which says enough right there. As another reviewed said, it was a gr...","Extremely negative language, multiple complaints, and explicit rejection of the restaurant's food and service.",True,False,"{""predicted_stars"": 1, ""explanation"": ""Extremely negative language, multiple complaints, and explicit rejection of the restaurant's food and service.""}"
5,5,"I never write these things. But I have to say that you will not be disappointed with Paletas Betty. Especially with the weather right now, it is a delicious and healthy treat, made with seasonal ingre...","Superlatives, extremely positive language, and a comparison to 'heaven' indicate a very high rating.",True,True,"{
  ""predicted_stars"": 5,
  ""explanation"": ""Superlatives, extremely positive language, and a comparison to 'heaven' indicate a very high rating.""
}"
5,4,"So, my husband and I went to to Bombero's for happy hour. Neither of us consider ourselves wine afficianados, but we know what we like. I told the server, Tim, that I wanted a heavy red, and he delive...","Multiple positive points, positive emotion, and specific praise for the server, food, and ambiance.",True,False,"{""predicted_stars"": 4, ""explanation"": ""Multiple positive points, positive emotion, and specific praise for the server, food, and ambiance.""}"
4,4,The food here was really good. I ordered the sesamie chicken and the sauce was very good. The service was marginal at best but it didn't annoy me. I'd go back...,"Multiple positive points, positive emotion, intent to return",True,True,"{""predicted_stars"": 4, ""explanation"": ""Multiple positive points, positive emotion, intent to return""}"
1,1,"I used to love Banana Republic.  I stopped by at lunch to buy a few outfits, I wasted quite a bit of time in this store...to an frazzeling degree.  The choppy layout of the new store is annoying.  The...","Extremely negative language, multiple complaints, explicit rejection",True,True,"{""predicted_stars"": 1, ""explanation"": ""Extremely negative language, multiple complaints, explicit rejection""}"
4,4,"It's really easy to write reviews about places like D'licious Dishes.  This was my second visit since Petite Fromage sadly closed.  This time, I was with my mother and wife.  We each ordered a sandwic...","Multiple positive points, positive emotion, intent to return, and a plan to make it a regular spot.",True,True,"{""predicted_stars"": 4, ""explanation"": ""Multiple positive points, positive emotion, intent to return, and a plan to make it a regular spot.""}"
5,5,"I was craving some sweets today and told my husband about this place. Apparently, one needs to make an appointment but my husband made one right away when he called. We got a Baileys cupcake, a chocol...","Superlatives, extremely positive language, multiple positive points, and intent to return.",True,True,"{""predicted_stars"": 5, ""explanation"": ""Superlatives, extremely positive language, multiple positive points, and intent to return.""}"
1,1,"So i thought with all the controversy surrounding this place, I would support the first amendment with my wallet. Unfortunately our experience here was subpar to say the least. We came in on a 3pm on ...","Extremely negative language, multiple complaints, explicit rejection",True,True,"{""predicted_stars"": 1, ""explanation"": ""Extremely negative language, multiple complaints, explicit rejection""}"
2,2,"The kids and I LOVE Starbucks but this one leaves a lot to be desired.. We have been here a hand full of time and each time I keep asking myself why do I go back to this one? 

The service there is al...","Multiple negative points, expression of disappointment, but with a hint of improvement in the second visit",True,True,"{""predicted_stars"": 2, ""explanation"": ""Multiple negative points, expression of disappointment, but with a hint of improvement in the second visit""}"
4,4,"I'm giving 4 stars because I just love to find this many artifacts of the basket and clay varieties when I visit a museum. It really amazes me, the craftmanship of our ancient peoples! This small muse...","Multiple positive points, positive emotion, and a sense of appreciation for the museum's content and historical significance.",True,True,"{""predicted_stars"": 4, ""explanation"": ""Multiple positive points, positive emotion, and a sense of appreciation for the museum's content and historical significance.""}"
4,4,"I used to work near here and we got take out a lot. 

My favorites: spinach enchiladas, green corn tamale, chicken mini chimis ( they come with a green chile cream cheese dip, OMG). 

I loved their te...","Multiple positive points, neutral tone, and no complaints.",True,True,"{""predicted_stars"": 4, ""explanation"": ""Multiple positive points, neutral tone, and no complaints.""}"
4,4,"Man, if these guys were trying to replicate a gringo bar in Mexico down to every last detail, then they have it absolutely nailed. Sorry to ruin the mystery of the name. The building itself is a spect...","Neutral language with some positive points, such as the unique atmosphere and decent food options, but also some negative points, like the delayed opening time.",True,True,"{""predicted_stars"": 4, ""explanation"": ""Neutral language with some positive points, such as the unique atmosphere and decent food options, but also some negative points, like the delayed opening time.""}"
3,3,Sometimes the downside of Yelp is that you read so many great reviews for a new restaurant and you garner these very high expectations. That's what happened with St. Francis anyways. Our bartender was...,"Neutral language, mention of both positive and negative points, and a neutral tone.",True,True,"{""predicted_stars"": 3, ""explanation"": ""Neutral language, mention of both positive and negative points, and a neutral tone.""}"
3,3,"They have high definition pictures of their menu items proudly displayed on the walls, and I like that.

Regarding the Chicken Pad Thai. The chicken and tofu were cooked perfectly, but the noodles wer...","Neutral language, multiple points of criticism and praise, no strong emotions",True,True,"{""predicted_stars"": 3, ""explanation"": ""Neutral language, multiple points of criticism and praise, no strong emotions""}"
3,3,I love Cheuvronts and have been going there regularly for years. Why only three stars then? Over the past year and a half the service has gone downhill. I find that the servers are impersonal and rigi...,"Neutral language, multiple complaints, but no extreme negativity or superlatives.",True,True,"{""predicted_stars"": 3, ""explanation"": ""Neutral language, multiple complaints, but no extreme negativity or superlatives.""}"
3,3,"* 5 stars for uniqueness - This place has very interesting food and flavors that aren't common around here.

* 5 stars for the staff - Everybody was very fast and friendly.

* 5 stars for coolness of ...","Neutral language, mixed feelings, and a mention of a potential drawback (price) but overall a positive tone.",True,True,"{""predicted_stars"": 3, ""explanation"": ""Neutral language, mixed feelings, and a mention of a potential drawback (price) but overall a positive tone.""}"
2,2,"I've never had Thai food before so I suppose I have nothing to compare it to, but this restaurant didn't serve very tasty food. Maybe it was just what I ordered. I don't know. Plus it had a funny smel...","Multiple negative points, expression of disappointment",True,True,"{""predicted_stars"": 2, ""explanation"": ""Multiple negative points, expression of disappointment""}"
4,4,"I'm not sure how I've missed trying this place, after over a decade of living in the Valley, partly as an ASU student in need of a good hang-over recovery joint. I can't believe I relied exclusively o...","Multiple positive points, minor complaint, and overall positive tone",True,True,"{
  ""predicted_stars"": 4,
  ""explanation"": ""Multiple positive points, minor complaint, and overall positive tone""
}"
5,4,So yummy in my tummy. My sister and I went here for dinner and the food was as always-- very yummy. We had the marinated BBQ pork and the seafood hot pot at hot. We finished half the of the plates bec...,"Multiple positive points, positive emotion, and intent to return, with some minor criticism about price.",True,False,"{""predicted_stars"": 4, ""explanation"": ""Multiple positive points, positive emotion, and intent to return, with some minor criticism about price.""}"
1,1,"PIECE OF **** manager wouldn't put air conditioning on yesterday. It was 90.
They just lost alot of business....","Extremely negative language, multiple complaints, explicit rejection",True,True,"{""predicted_stars"": 1, ""explanation"": ""Extremely negative language, multiple complaints, explicit rejection""}"
5,5,"Southwest blows its competitors so far out of the water I actually feel bad for the other airlines.  
1. Of the countless times I've flown with them, my flight has been delayed only twice and both tim...","Superlatives, extremely positive language, multiple positive points, and a tone of appreciation.",True,True,"{""predicted_stars"": 5, ""explanation"": ""Superlatives, extremely positive language, multiple positive points, and a tone of appreciation.""}"
2,2,"This gas station is like the bermuda triangle of gas stations!
I came here w/ a friend on a first friday, she was DD'ing and i was her passenger ""and i ride and i ride i ride through the city's backsi...","Multiple negative points, expression of disappointment, but also a positive outcome due to the help of the Mexican teenagers.",True,True,"{""predicted_stars"": 2, ""explanation"": ""Multiple negative points, expression of disappointment, but also a positive outcome due to the help of the Mexican teenagers.""}"
3,3,If you have to travel to Phoenix (Yay!) then chances are you have to travel through Sky Harbor (Boo!). There's also a decent chance you'll consider traveling on Southwest (Boo!) but as airlines (Boo!)...,"Neutral language, mixed opinions, and a balanced tone suggest a mediocre experience.",True,True,"{""predicted_stars"": 3, ""explanation"": ""Neutral language, mixed opinions, and a balanced tone suggest a mediocre experience.""}"
1,1,"Ok, so I have to share my morning experience. But first I must start off by saying this: I'm no moron. Honest. 

So, this morning I stopped for gas. My tank was getting dangerously low and there was n...","Extremely negative language, multiple complaints, explicit rejection",True,True,"{""predicted_stars"": 1, ""explanation"": ""Extremely negative language, multiple complaints, explicit rejection""}"
3,3,"what better way to end a perfect Spring training baseball day than with a marg, Mexican food and your girlfriends...
the local in the group said this place would be crowded on a Sat night, so we weren...","Neutral language, multiple points of criticism and praise, and an overall 'average' rating.",True,True,"{""predicted_stars"": 3, ""explanation"": ""Neutral language, multiple points of criticism and praise, and an overall 'average' rating.""}"
5,5,"Been here twice now and wish I could say more. The food is delicious, the set up is really relaxing and service is great. A great place to take an out of town guest. Happy hour menu has these amazing ...","Superlatives, extremely positive language, multiple positive points, and a strong recommendation.",True,True,"{""predicted_stars"": 5, ""explanation"": ""Superlatives, extremely positive language, multiple positive points, and a strong recommendation.""}"
3,2,"Update:  Unfortunately... the last two times we've come back, the food was just ok.  Definitely not $140.00 great.   We even went for their three plate combo for $40.00 / person, and the cupcake it ca...","Multiple negative points, expression of disappointment, and a comparison to the price, indicating a lack of value.",True,False,"{""predicted_stars"": 2, ""explanation"": ""Multiple negative points, expression of disappointment, and a comparison to the price, indicating a lack of value.""}"
