actual_stars,success,error,predicted_stars,explanation,correct
4,False,,,,
5,False,,,,
2,False,,,,
5,True,,5.0,"The review uses highly enthusiastic language praising the restaurant’s ambiance, service, and food quality, similar to the 5‑star examples that highlight deliciousness, great service, and authenticity.",True
1,True,,1.0,"The review is overwhelmingly negative, describing multiple severe issues (unsafe environment, broken facilities, rude staff, fraudulent billing) with strong language. This mirrors the tone and content of the 1‑star example, indicating the lowest rating.",True
3,True,,3.0,"The review mentions both positives (friendly service, some dishes cooked correctly) and several negatives (food not as crispy, steak lacking flavor, overcooked steak for the niece). This mixed but overall moderate sentiment aligns with the tone of the 3‑star example.",True
2,False,,,,
1,False,,,,
3,True,,4.0,"The review highlights many strengths (extensive wine/beer selection, fresh organic produce, good natural foods, fast checkout) and only notes a minor issue (mixed help in the meat section). This balanced but overall positive tone aligns with the 4‑star example, whereas 5‑star reviews are uniformly enthusiastic without notable drawbacks.",False
2,True,,1.0,"The review is strongly negative, criticizing food quality and staff performance, which is harsher than the brief disappointment in Example 2 (rated 2). This severity suggests the lowest rating.",False
5,True,,1.0,"The review expresses strong dissatisfaction due to the restaurant being closed during advertised hours and unresponsive phone service, similar to the 1‑star examples that focus on closures and inability to use services.",False
4,True,,4.0,"The review is largely positive, praising taste and service, but notes that the donuts aren't as light and fluffy as Krispy Kreme and mentions mixed opinions within the group, leading the reviewer to assign a 4‑star rating rather than 5.",True
5,False,,,,
5,True,,5.0,"The review mirrors the tone and content of the 5‑star examples: enthusiastic praise for views, food, service, atmosphere, value, and specific dishes. No criticisms are present, indicating a top rating.",True
2,True,,1.0,"The review is overwhelmingly negative, highlighting multiple issues with the food (poor eggs, cold potatoes, bland salsa, flavorless juice) and calling the meal disappointing. This aligns with a low rating, unlike the neutral 3‑star example or the mostly positive 4‑ and 5‑star examples.",False
5,False,,,,
4,False,,,,
2,True,,1.0,"The review is overwhelmingly negative, criticizing the food as bland and the sauces as the worst, with only a mild compliment about service. This aligns with a low rating (1 star) rather than the positive examples which received 4‑5 stars.",False
3,True,,3.0,"The review mentions polite staff and no major complaints, but also lacks enthusiasm or praise. This neutral, average sentiment aligns with a middle rating (3 stars) rather than the strongly negative tone seen in the 1‑star examples.",True
2,True,,3.0,"The review mixes criticism (poor service, bad appetizer) with several praises (great mushrooms, wonderful sides, excellent dessert and wine). This balanced but still somewhat negative tone aligns with a middle rating, unlike the fully negative 2‑star example or the clearly positive 4‑star examples.",False
4,True,,3.0,"The review praises the unique pottery experience and overall concept, but criticizes the intrusive staff, resulting in a mixed but not terrible impression—similar to the 3‑star examples that combine positive aspects with notable complaints.",False
3,True,,2.0,"The review praises the food but highlights poor service and a language barrier, similar to the negative aspects in the 1‑star example. However, the positive comment about the food prevents it from being the lowest rating, placing it around a 2‑star level.",False
1,False,,,,
4,False,,,,
2,True,,2.0,"The review is largely negative, criticizing the food quality, temperature, and price while only noting the interior as a minor positive. This aligns with the tone of the 2‑star example, which also highlights mediocrity and disappointment.",True
2,True,,2.0,"The review mirrors the tone and content of Similar Example 1, expressing moderate satisfaction but criticizing price, which aligns with a 2‑star rating.",True
3,False,,,,
2,False,,,,
4,True,,4.0,"The review is overall very positive, praising cleanliness, restaurant selection, activities, and dog‑friendliness, with only minor drawbacks (limited store count, missing a bookstore). This aligns with the tone of the 4‑star example, which also had small negatives but was generally favorable.",True
4,False,,,,
1,False,,,,
1,True,,1.0,"The review is overwhelmingly negative, criticizing both food and service with strong language (e.g., ""worst Mexican food"", ""horrible after taste"", ""waited forever""). This aligns with the tone of the 1‑star examples, indicating a very poor experience.",True
4,True,,5.0,"The review is overwhelmingly positive, highlighting tasty food, attentive service, and a pleasant dining experience with no complaints, similar to the tone of the 5‑star examples.",False
2,False,,,,
2,True,,2.0,"The review mirrors Example 1 (2 stars) with similar complaints about declining food quality and a specific mention of the carne asada burrito being only okay. The tone is disappointed but not extremely harsh, matching the 2‑star sentiment rather than the slightly less negative 3‑star example.",True
4,True,,4.0,"The review mentions several positive aspects (good karaoke, friendly people, enjoyable drinks) despite an initial negative comment about not liking bars. The overall tone is more favorable than neutral, aligning with a 4‑star rating rather than the purely positive 5‑star or mixed 3‑star examples.",True
3,False,,,,
4,True,,4.0,"The review is overall positive, praising several dishes and expressing willingness to return, but notes the pho was only 'good' not great and mentions some mild disappointment, placing it between neutral (3 stars) and enthusiastic (5 stars).",True
2,True,,2.0,"The review is largely negative, praising only the bean dip while expressing a preference for another restaurant. Similar to Example 3's brief negative comment, it suggests dissatisfaction, but the mention of a single positive aspect (bean dip) nudges it slightly above the lowest rating, aligning more with a 2‑star sentiment.",True
5,False,,,,
2,False,,,,
1,True,,1.0,"The review expresses strong dissatisfaction with a critical error (served meat to a vegetarian) and lack of apology or compensation beyond a refund, similar to the negative tone of the 2‑star examples but with a more severe impact, suggesting a rating lower than the 2‑star baseline.",True
1,True,,2.0,"The review praises the atmosphere and service but heavily criticizes the food quality (bland, stale, not fresh) and price, concluding with a decision not to return. This mix of minor positives with strong negatives aligns with the tone of the 2‑star example.",False
5,False,,,,
1,True,,1.0,"The review expresses strong dissatisfaction due to the restaurant being repeatedly closed, lack of communication, and poor service—similar to the 1‑star examples that focus on closures and unmet expectations.",True
4,True,,4.0,"The reviewer expresses overall satisfaction, highlights helpful service, and explicitly mentions ""Four stars"" with no negative comments, indicating a strong but not perfect rating, similar to a positive review but less enthusiastic than the 5‑star example.",True
4,True,,5.0,"The review is overwhelmingly positive, praising the food, reasonable prices, and excellent service, similar to the tone of the 5‑star example reviews. The only minor note is a reservation suggestion, which does not detract from the overall enthusiasm, so it aligns with a 5‑star rating.",False
1,False,,,,
3,True,,3.0,"The review mirrors the tone and content of Example 1, which also expressed disappointment but still gave a 3‑star rating. Despite detailed criticisms, the overall sentiment aligns with a moderate rating rather than the high praise of 5 stars or a very low rating.",True
5,True,,4.0,"The review is largely positive, praising the variety, quality, and overall satisfaction, similar to the 4‑star examples. It does note higher prices and the time‑consuming nature of shopping, which aligns with the minor criticisms typical of 4‑star ratings rather than the flawless praise of a 5‑star review.",False
3,False,,,,
1,True,,1.0,"The review is overwhelmingly negative, criticizing both service attitude and dessert quality, and the reviewer states they will not return or recommend the restaurant. This is harsher than the 3‑star example, which had a milder complaint, so it warrants a 1‑star rating.",True
3,True,,3.0,"The review highlights both positives (good happy hour prices, friendly staff, enjoyable communal seating) and negatives (busy wait, underwhelming show, overcooked filet, overall not worth the price without a certificate). This balanced but slightly critical tone matches the pattern of the 3‑star examples.",True
4,False,,,,
4,True,,4.0,"The review mirrors Example 1, praising the food and price while noting the decor is less appealing. The overall tone is positive with specific menu recommendations, matching the sentiment of a 4‑star rating rather than the more mixed or lower‑rated examples.",True
3,True,,4.0,"The review highlights only positive aspects—cleanliness, good parking, decent prices, and bonus gas points—without any complaints, similar to the tone of the 4‑star example. It’s favorable but not overly enthusiastic, fitting a solid 4‑star rating.",False
2,False,,,,
5,True,,5.0,"The review is wholly positive, praising the pizza, cannoli, and wine selection without any criticism, matching the enthusiastic tone of the 5‑star examples.",True
5,True,,5.0,"The review mirrors the tone and content of the 5‑star example: enthusiastic about the 20% Yelp discount, praises unique vintage clothing and jewelry, and expresses personal purchase satisfaction, indicating a highly positive experience.",True
3,False,,,,
3,True,,3.0,"The review mixes praise (excellent salad, decent Cuban sandwich) with several criticisms (dirty tables, lack of forks, odd décor, inconsistent food quality). This balanced but mixed sentiment aligns more with a middle rating rather than the clearly positive 4‑star examples or the clearly negative 2‑star example.",True
5,False,,,,
1,True,,1.0,"The review is strongly negative, highlighting serious issues (injury, dirty environment, rude staff) similar to the 1‑star example, indicating a very poor experience.",True
1,False,,,,
2,True,,2.0,"Unlike the uniformly positive 5‑star examples, this review highlights several shortcomings (poor guacamole, salsa, and only okay food) and expresses disappointment, indicating a low satisfaction level typical of a 2‑star rating.",True
1,False,,,,
5,True,,4.0,"The review is overwhelmingly positive, praising the food and atmosphere, with only a minor comment about lunch crowd. This mirrors the tone of the 4‑star examples, whereas the 3‑star example contains stronger criticism.",False
3,False,,,,
2,True,,2.0,"The review highlights several negatives—limited menu, unusually long wait for food in an airport, and a pricey, unremarkable burger—while noting only modestly acceptable service. This mix of mild praise and clear disappointment aligns more with a low rating (2 stars) rather than the extreme negativity of a 1‑star review.",True
3,False,,,,
4,False,,,,
5,True,,5.0,"The review is overwhelmingly positive, praising food, service, atmosphere, and variety with no notable complaints, matching the tone of the 5‑star examples.",True
4,False,,,,
2,True,,2.0,"The reviewer highlights several negatives: poor gyro quality, uncomfortable seating arrangement, and overall disappointment, outweighing the few positive notes about service and saganaki. This aligns with a low rating, matching the reviewer’s own suggestion of a 2‑star score.",True
1,True,,1.0,"The review is strongly negative, complaining about excessive charges and expressing a desire to give a zero rating, similar to the 1‑star example which also contains a harsh complaint.",True
3,False,,,,
4,True,,4.0,"The review mirrors the positive tone of the 4‑star example, praising atmosphere, drinks, and food, with only a minor complaint about noise. It lacks the strong enthusiasm or flawless experience typical of a 5‑star rating, so 4 stars is appropriate.",True
3,True,,3.0,"The review is mixed: it calls the food 'OK' and 'decent' but not spectacular, and suggests a better alternative nearby. This moderate sentiment aligns with the 3‑star example, which also reflects a neutral/average experience.",True
3,False,,,,
3,True,,4.0,"The review is overall positive, highlighting good service (chef interaction) and decent food, while noting the price is a bit high. This mirrors the tone of the 4‑star examples, which praise quality and service despite price, whereas the 5‑star example is more enthusiastic. Hence a 4‑star rating is appropriate.",False
1,True,,1.0,"Unlike the provided examples, which are overwhelmingly positive and receive 5‑star ratings, this review is entirely negative, criticizing flavor, taste, and portion size, indicating a very poor experience. Hence it aligns with a 1‑star rating.",True
5,True,,5.0,"The review is overwhelmingly positive, highlighting the venue's wide selection of costumes and party gear, recommending it for various events, and using enthusiastic language similar to the 5‑star example.",True
2,False,,,,
2,False,,,,
5,True,,5.0,"The review is overwhelmingly positive, highlighting consistent great food, service, atmosphere, and happy hour without any criticism. This aligns with the tone of the 5‑star example, whereas the 4‑star examples contain minor drawbacks.",True
3,True,,3.0,"The reviewer describes poor staff performance and a negative experience, but also notes past positive impressions and gives the establishment a 3‑star rating themselves. This aligns with a moderate (3‑star) sentiment rather than the strongly negative 2‑star example.",True
5,False,,,,
1,True,,1.0,"The review is overwhelmingly negative, citing long wait times, poor food quality, missing ingredients, and even illness, far worse than the mixed or mildly negative 2‑3 star examples, aligning with a 1‑star rating.",True
2,False,,,,
5,True,,4.0,"The review is strongly positive, highlighting fresh produce, good prices, and a favorable comparison to other stores, similar in tone and content to the provided 4‑star examples. It lacks the superlative enthusiasm or flawless praise that would typically merit a 5‑star rating, so it aligns best with the 4‑star category.",False
3,True,,3.0,"The reviewer praises the food and atmosphere but criticizes high prices and limited healthy options, indicating a mixed experience. This balance of positive and negative points aligns more with a moderate rating rather than the consistently high praise seen in the 4‑ and 5‑star examples.",True
1,False,,,,
1,True,,1.0,"The review is overwhelmingly negative, focusing on rude staff behavior and perceived discrimination, similar to the 1‑star example, indicating a very poor experience.",True
4,False,,,,
5,True,,5.0,"The review is overwhelmingly positive, highlighting excellent food, award‑winning mole, superb margaritas, attentive service, and a pleasant patio atmosphere. This level of enthusiasm exceeds the 4‑star example, aligning with a 5‑star rating.",True
1,False,,,,
4,False,,,,
1,True,,1.0,"The review mirrors the 1‑star example, focusing on dirty facilities and poor food quality, which are typical reasons for a lowest rating.",True
4,True,,4.0,"The review is largely positive, praising the atmosphere, food, drinks, and service, with only minor timing complaints. This aligns with the tone of the 4‑star example, which is enthusiastic but not flawless.",True
1,False,,,,
1,False,,,,
1,True,,1.0,"The review describes extremely poor service, rudeness, and a complete lack of food experience, which is far more negative than the 2‑star example that only expressed mild disappointment. This level of dissatisfaction aligns with a 1‑star rating.",True
4,True,,5.0,"The review is overwhelmingly positive, highlighting numerous benefits (covered parking, complimentary newspaper, water, discounts, prompt service) and contains no complaints, matching the tone of the 5‑star example.",False
4,False,,,,
4,True,,5.0,"The review is overall positive, describing the place as fun and noting that they provide good masks. Similar to the enthusiastic 5‑star examples, there are no complaints, indicating a high rating.",False
3,False,,,,
3,True,,3.0,"The reviewer highlights good service (explicitly awarding three stars for it) but expresses lukewarm opinions about the food, especially the cheesecake. This balanced, mixed sentiment aligns with the tone of the provided 3‑star examples, which also contain both positive and negative points without strong enthusiasm or major complaints.",True
1,False,,,,
2,False,,,,
1,True,,2.0,"The review is largely negative, highlighting poor service, long wait times, subpar ambiance, and disappointing food, similar to the tone of the 2‑star examples provided.",False
5,False,,,,
4,True,,4.0,"The review is largely positive, highlighting good space, organization, reasonable price, helpful staff, and overall enjoyment, similar to the tone of the 4‑star example. Minor self‑criticism prevents it from being as exuberant as the 5‑star example.",True
4,True,,4.0,"The review highlights many positives—wide menu, tasty omelet, fresh juice, ample portions, and very good service—without any notable criticisms. This level of consistent praise aligns with the tone of the 4‑star examples, which are also positive but not overly exuberant as typical 5‑star reviews.",True
5,False,,,,
2,True,,1.0,"The review is overwhelmingly negative, criticizing the core food items (pastrami, bagels) and the authenticity of the establishment. Unlike the positive tone in the 4‑ and 5‑star examples, this feedback expresses strong dissatisfaction, which aligns with a 1‑star rating.",False
2,True,,2.0,"The review lists several positives (location, décor, friendly service, good bread, tasty cookies/brownies) but emphasizes multiple significant negatives (fly in salad, uneven meat distribution, bland wrap, cold soups, hair on pickle, overall disappointment and a decision not to return). The concluding tone is clearly dissatisfied, similar to the 2‑star example where the reviewer was disappointed with the sandwich size and quality.",True
2,False,,,,
4,False,,,,
5,True,,5.0,"The review is overwhelmingly positive, praising food quality, cleanliness, service, and expressing a strong desire to return—mirroring the tone of the 5‑star examples, whereas the 4‑star example contained more neutral or mixed comments.",True
2,False,,,,
1,False,,,,
3,True,,4.0,"The reviewer generally enjoys Chipotle's tacos and even pays extra for guacamole, indicating overall satisfaction. However, they express a specific disappointment about the lack of customization (no option to add tomatoes without onions and cilantro). This mix of praise and a notable complaint aligns with the tone of the 4‑star examples.",False
4,False,,,,
4,True,,5.0,"The review is overwhelmingly positive, praising the atmosphere, food, and service, and expresses a clear intention to return—mirroring the enthusiastic tone of the 5‑star examples.",False
1,False,,,,
1,True,,1.0,"The reviewer expresses strong disappointment about the limited donut availability, similar to Example 1 where the complaint about reduced selection resulted in a 1‑star rating, despite a brief positive comment about donut quality.",True
5,False,,,,
4,True,,4.0,"The review mirrors the tone and content of the 4‑star example (fun venue, good cheap food, specific praise for tacos) and adds a brief, constructive comment about smoking rules. The overall sentiment remains positive without the extra enthusiasm or brevity that characterized the 5‑star example, so a 4‑star rating is most appropriate.",True
3,False,,,,
1,True,,2.0,"The review focuses on extremely poor service, long wait times, and being ignored, mirroring the tone of the 2‑star examples. Although the reviewer notes a post‑review outreach from management, the overall experience described is still highly negative, aligning it with the 2‑star category rather than the more neutral 3‑star or the worst 1‑star.",False
2,True,,3.0,"The review contains both positive and negative elements. While the reviewer praises the homemade chips, red salsa, chicken enchiladas, and service, they criticize the green sauce, beans, and rice as disappointing. This mixed sentiment suggests an average experience rather than the consistently high praise seen in the 5‑star examples, leading to a mid‑range rating.",False
5,False,,,,
4,True,,5.0,"The review is overwhelmingly positive, highlighting favorite status, tasty tacos, generous portions, friendly and efficient service, and a great happy hour. This aligns with the tone of the 5‑star example, whereas the 4‑star example contained more neutral observations.",False
3,False,,,,
1,True,,1.0,"The review is strongly negative, highlighting poor staff assistance, confusing store layout, out‑of‑stock items, and a desire never to return. This level of dissatisfaction aligns with a 1‑star rating, whereas the provided examples with neutral or mixed feedback received 3 stars and a positive review received 4 stars.",True
2,False,,,,
3,True,,4.0,"The reviewer now gives a generally positive recommendation, highlighting convenience, comfort, and a specific dish, while noting minor issues (watered‑down sriracha). This balanced praise aligns with the tone of the 4‑star examples, which are favorable but include some reservations, rather than the unequivocal enthusiasm typical of 5‑star reviews.",False
4,False,,,,
5,True,,5.0,"The review is overwhelmingly positive, highlighting excellent chips and salsa, generous portions, attentive staff, and recommending specific dishes—mirroring the tone and content of the provided 5‑star examples.",True
2,False,,,,
5,True,,5.0,"The review is overwhelmingly positive, highlighting excellent food, attentive service, and a cozy atmosphere with no criticisms—mirroring the tone of the 5‑star examples.",True
4,False,,,,
5,False,,,,
3,True,,3.0,"The reviewer notes several positives (pleasant patio, fresh seafood, tasty iced tea, willingness to return) but also highlights significant disappointments (food not as flavorful as expected, mediocre dishes, misleading heat level). This mixed sentiment suggests an average experience, aligning with a 3‑star rating rather than the higher 4‑5 stars seen in the fully positive examples.",True
2,True,,1.0,"The review is wholly negative, expressing disappointment with the dish and stating they won't return, unlike the positive or mixed sentiments in the 4‑ and 5‑star examples. This aligns with a 1‑star rating.",False
1,False,,,,
3,True,,3.0,"The review mirrors Example 1, praising the food but condemning the service and expressing a desire to give a higher rating but being unable to; this pattern was rated 3 stars, so the same rating applies.",True
1,False,,,,
3,True,,3.0,"The reviewer praises the service (5 stars) but criticizes the food as bland and only average (around 2.5 stars). The mixed experience suggests a middle-of-the-road overall impression, similar to a neutral/average rating, which aligns with a 3‑star classification.",True
3,False,,,,
5,True,,5.0,"The review is overwhelmingly positive, highlighting multiple menu items, excellent drinks, and no criticisms—mirroring the tone of the 5‑star examples.",True
5,False,,,,
3,True,,2.0,"The reviewer highlights several negative aspects (child in the dining area, cold fish, poor fish flavor, overall disappointment) and states they won't return, outweighing the few positive comments about rice, chicken, and bread. This aligns more closely with the tone of the 2‑star example than the positive 4‑star examples.",False
1,True,,3.0,"The reviewer praises the venue's atmosphere and unique drinks/desserts but strongly criticizes the food as dry, cold, and tasteless. This mix of positive ambience and negative food quality aligns with the moderate sentiment seen in the 3‑star example, leading to a predicted rating of 3 stars.",False
1,False,,,,
4,True,,5.0,"The review is highly enthusiastic, praising the food, freshness, atmosphere, and expressing a strong desire to return. This level of positivity exceeds the moderate praise seen in the 4‑star example and is far more favorable than the neutral 3‑star examples, aligning with a 5‑star rating.",False
2,False,,,,
1,True,,1.0,"The review is a strongly negative experience similar to Example 1, describing poor service, being locked out, and no compensation, which aligns with a 1‑star rating.",True
5,False,,,,
5,True,,5.0,"The review expresses strong enthusiasm ('love love'), praises the food and ambiance without any criticism, matching the tone of the 5‑star examples.",True
2,False,,,,
5,True,,5.0,"The review is overwhelmingly positive, highlighting impressive food, warm bread, and a strong intention to return, similar to the tone of the 5‑star example. No notable complaints are mentioned, suggesting a top rating.",True
4,False,,,,
2,True,,2.0,"The review highlights several major issues—overcrowded, undersized karaoke room, outdated song selection, mediocre food, and undercooked edamame—mirroring the negative aspects of the 2‑star example. While it notes friendly staff, the overall tone is more critical than appreciative, aligning it with a low‑to‑mid rating rather than the higher praise seen in the 4‑star example.",True
5,False,,,,
3,True,,3.0,"The review praises the food strongly but criticizes the location, resulting in a mixed sentiment similar to the provided 3‑star examples that balance positives with notable drawbacks.",True
2,False,,,,
5,True,,5.0,"The review is wholly positive, highlighting the shop's long history, diverse inventory, good service, and free amenities, with no complaints—mirroring the tone of the 5‑star example.",True
2,False,,,,
3,True,,2.0,"The review is largely negative, highlighting poor service, a tired atmosphere, and a decline from past experiences. This mirrors the tone of Example 3, which also received a 2‑star rating despite mentioning some positive aspects.",False
2,False,,,,
1,True,,2.0,"The review expresses clear disappointment with the food, stating it is ""still not good"" and that the reviewer is not a fan. This negative sentiment contrasts with the positive examples that received 4‑5 stars, indicating a low rating, likely around 2 stars.",False
2,False,,,,
5,True,,5.0,"The review is overwhelmingly positive, praising taste, healthiness, and recommending a specific item without any criticism, matching the tone of the 5‑star examples.",True
2,False,,,,
1,True,,1.0,"The review is strongly negative, highlighting multiple issues with the store layout, product selection, and overall experience, similar to the tone of the 1‑star example.",True
5,False,,,,
5,True,,5.0,"The review is overwhelmingly positive, highlighting delicious cupcakes, easy appointment booking, and a strong intention to return—mirroring the tone and content of the 5‑star example.",True
4,False,,,,
4,False,,,,
4,True,,4.0,"The review is overall positive, highlighting enjoyment of exhibits, good value, and interesting features, similar to the 5‑star examples but lacking the overwhelming enthusiasm or flawless experience that would merit a perfect rating. Hence a strong 4‑star rating.",True
1,True,,1.0,"The review highlights multiple serious problems—horrendous service, staff disappearing, overpriced and low‑quality sushi, and a frustrating payment experience—mirroring the tone of the 1‑star example. The few minor positives (a decent roll) are outweighed by the overall negative experience, fitting a 1‑star rating.",True
2,False,,,,
4,True,,4.0,"The review is overall positive, highlighting several favorite dishes and praising the flavor, similar to the 4‑star example. The only mild reservation is the note that the food isn’t authentic Mexican, which suggests a strong but not perfect rating, aligning with a 4‑star assessment.",True
3,True,,3.0,"The review mirrors the tone of the 3‑star example: it notes positive aspects (good pictures, well‑cooked chicken/tofu, tasty spring rolls) but also points out several drawbacks (chewy noodles, incorrect spring roll presentation, blandness, odd owner comments). This mix of praise and criticism aligns with the moderate rating seen in the 3‑star sample.",True
4,False,,,,
3,False,,,,
3,True,,3.0,"The reviewer expresses both strong positives (great cheese plates, happy hour) and significant negatives (declining, impersonal service). This mixed sentiment aligns with a moderate rating, matching the three‑star level mentioned in the text, similar to the balanced tone of the 4‑star example but leaning more negative like the 2‑star example.",True
3,False,,,,
2,False,,,,
4,True,,4.0,"The review is largely positive, praising the food and service, but notes a specific flaw (dry chicken) that leads the reviewer to deduct one star. This mirrors the tone of the 4‑star examples, which are favorable overall with minor issues, unlike the more mixed 3‑star example.",True
1,True,,1.0,"The review is a strongly negative complaint about service (manager not turning on AC) and mirrors the tone and content of the provided 1‑star examples, indicating a very low rating.",True
2,True,,2.0,"The review focuses on negative experiences (car breakdown, unhelpful staff, high prices) similar to the low‑rating examples, despite a brief positive note about strangers helping. The overall tone is critical, matching the 1‑2 star range, so a 2‑star rating is most appropriate.",True
5,False,,,,
5,True,,5.0,"The review is overwhelmingly positive, highlighting punctuality, low costs, no bag fees, and excellent customer service. This contrasts with the negative tone of the 1‑star examples and the mixed tone of the 3‑star example, aligning it with a top‑rating sentiment.",True
3,True,,3.0,"The review expresses several criticisms of both the airport and Southwest, using repeated negative language, though it notes a few redeeming aspects. Compared to the clearly positive 4‑star examples, this mixed‑negative tone suggests a lower rating, likely around 3 stars.",True
1,False,,,,
3,True,,3.0,"The review mentions several drawbacks (long wait, poor service, subpar margarita, deceptive guac) alongside some positives (interesting menu items, good shrimp chilaquiles). The overall tone is that the experience was average, which aligns with a middle rating of 3 stars, unlike the strongly negative 1‑2 star examples or the clearly positive 4‑star example.",True
3,False,,,,
5,True,,5.0,"The review is wholly positive, praising food, atmosphere, service, and specific menu items without any criticism, matching the tone of the 5‑star examples.",True
